{"timestamp": "2026-03-12T21:56:40.430139", "level": "INFO", "action": "authorization_granted", "target": "doordash.com", "details": {"action": "surface_mapping"}}
{"timestamp": "2026-03-12T21:56:40.432122", "level": "INFO", "action": "scan_start", "target": "doordash.com", "details": {"scan_type": "surface_map"}}
{"timestamp": "2026-03-12T21:56:40.435987", "level": "INFO", "action": "http_request", "target": "http://bid47l6.email.doordash.com", "details": {"method": "GET", "status_code": 0}}
{"timestamp": "2026-03-12T21:56:40.502998", "level": "INFO", "action": "http_request", "target": "http://mail.doordash.com", "details": {"method": "GET", "status_code": 0}}
{"timestamp": "2026-03-12T21:56:40.503964", "level": "INFO", "action": "http_request", "target": "http://trust.doordash.com", "details": {"method": "GET", "status_code": 0}}
{"timestamp": "2026-03-12T21:56:40.504751", "level": "INFO", "action": "http_request", "target": "https://231d4ebadb9dacea31adc6bb12b6080c.doordash.com", "details": {"method": "GET", "status_code": 0}}
{"timestamp": "2026-03-12T21:56:40.505864", "level": "INFO", "action": "http_request", "target": "https://35fa8bfd4ced0e77cdc8245ba065a908.doordash.com", "details": {"method": "GET", "status_code": 0}}
{"timestamp": "2026-03-12T21:56:40.507083", "level": "INFO", "action": "http_request", "target": "https://423b12fd7b819ec52acafed4ef462cb2.doordash.com", "details": {"method": "GET", "status_code": 0}}
{"timestamp": "2026-03-12T21:56:40.508056", "level": "INFO", "action": "http_request", "target": "https://7kx9f.doordash.com", "details": {"method": "GET", "status_code": 0}}
{"timestamp": "2026-03-12T21:56:40.508871", "level": "INFO", "action": "http_request", "target": "https://about.doordash.com", "details": {"method": "GET", "status_code": 0}}
{"timestamp": "2026-03-12T21:56:40.509635", "level": "INFO", "action": "http_request", "target": "https://admin-gateway.doordash.com", "details": {"method": "GET", "status_code": 0}}
{"timestamp": "2026-03-12T21:56:40.510493", "level": "INFO", "action": "http_request", "target": "https://ads.doordash.com", "details": {"method": "GET", "status_code": 0}}
{"timestamp": "2026-03-12T21:56:40.966798", "level": "INFO", "action": "http_request", "target": "https://35fa8bfd4ced0e77cdc8245ba065a908.doordash.com/", "details": {"method": "GET", "status_code": 0}}
{"timestamp": "2026-03-12T21:56:40.967909", "level": "INFO", "action": "http_request", "target": "https://typography.doordash.com/TTNorms-Bold.woff2", "details": {"method": "GET", "status_code": 0}}
{"timestamp": "2026-03-12T21:56:40.969147", "level": "INFO", "action": "http_request", "target": "https://typography.doordash.com/TTNorms-Medium.woff2", "details": {"method": "GET", "status_code": 0}}
{"timestamp": "2026-03-12T21:56:40.970387", "level": "INFO", "action": "http_request", "target": "https://cdn.doordash.com/static/img/favicon@2x.ico?dd-nonce", "details": {"method": "GET", "status_code": 0}}
{"timestamp": "2026-03-12T21:56:40.971812", "level": "INFO", "action": "http_request", "target": "https://423b12fd7b819ec52acafed4ef462cb2.doordash.com/", "details": {"method": "GET", "status_code": 0}}
{"timestamp": "2026-03-12T21:56:40.984252", "level": "INFO", "action": "http_request", "target": "https://about.doordash.com/", "details": {"method": "GET", "status_code": 0}}
{"timestamp": "2026-03-12T21:56:40.992762", "level": "INFO", "action": "http_request", "target": "https://231d4ebadb9dacea31adc6bb12b6080c.doordash.com/", "details": {"method": "GET", "status_code": 0}}
{"timestamp": "2026-03-12T21:56:41.000221", "level": "INFO", "action": "http_request", "target": "https://ads.info.doordash.com", "details": {"method": "GET", "status_code": 0}}
{"timestamp": "2026-03-12T21:56:41.013369", "level": "INFO", "action": "http_request", "target": "https://admin-gateway.doordash.com/", "details": {"method": "GET", "status_code": 0}}
{"timestamp": "2026-03-12T21:56:41.072804", "level": "INFO", "action": "http_request", "target": "http://trust.doordash.com/?itemName=internal_practices&source=click", "details": {"method": "GET", "status_code": 0}}
{"timestamp": "2026-03-12T21:56:41.076570", "level": "INFO", "action": "http_request", "target": "http://trust.doordash.com/?itemUid=a5bb6b4d-c23b-4d4f-9da1-bedf5dc74ff5&source=click", "details": {"method": "GET", "status_code": 0}}
{"timestamp": "2026-03-12T21:56:41.077606", "level": "INFO", "action": "http_request", "target": "http://trust.doordash.com/?itemUid=f8feb4d4-b79d-47f3-9dd7-06c479a49dfe&source=click", "details": {"method": "GET", "status_code": 0}}
{"timestamp": "2026-03-12T21:56:41.078576", "level": "INFO", "action": "http_request", "target": "http://trust.doordash.com/?itemUid=ef061e5b-a2f4-469e-92bc-ab973e3d7842&source=click", "details": {"method": "GET", "status_code": 0}}
{"timestamp": "2026-03-12T21:56:41.079487", "level": "INFO", "action": "http_request", "target": "http://trust.doordash.com/?itemUid=2895b7a4-3e67-4740-be44-fbd30f21faef&source=click", "details": {"method": "GET", "status_code": 0}}
{"timestamp": "2026-03-12T21:56:41.080395", "level": "INFO", "action": "http_request", "target": "http://trust.doordash.com/?itemName=questionnaires&source=click", "details": {"method": "GET", "status_code": 0}}
{"timestamp": "2026-03-12T21:56:41.081313", "level": "INFO", "action": "http_request", "target": "http://trust.doordash.com/?itemUid=5eeb9c41-2fc0-4961-aafb-3ac64badd8e1&source=click", "details": {"method": "GET", "status_code": 0}}
{"timestamp": "2026-03-12T21:56:41.082246", "level": "INFO", "action": "http_request", "target": "http://trust.doordash.com/?itemName=reports&source=click", "details": {"method": "GET", "status_code": 0}}
{"timestamp": "2026-03-12T21:56:41.083252", "level": "INFO", "action": "http_request", "target": "http://trust.doordash.com/?itemName=infrastructure&source=click", "details": {"method": "GET", "status_code": 0}}
{"timestamp": "2026-03-12T21:56:41.084308", "level": "INFO", "action": "http_request", "target": "https://trust.doordash.com/", "details": {"method": "GET", "status_code": 0}}
{"timestamp": "2026-03-12T21:56:41.255442", "level": "INFO", "action": "http_request", "target": "https://trust.doordash.com/?itemName=network_security&source=click", "details": {"method": "GET", "status_code": 0}}
{"timestamp": "2026-03-12T21:56:41.256700", "level": "INFO", "action": "http_request", "target": "https://trust.doordash.com/?itemUid=16ad7671-7fe3-4998-a1d1-9465f80c2921&source=click", "details": {"method": "GET", "status_code": 0}}
{"timestamp": "2026-03-12T21:56:41.257751", "level": "INFO", "action": "http_request", "target": "https://trust.doordash.com/?itemUid=725423a9-688a-458b-a3b5-04cb9972e735&source=click", "details": {"method": "GET", "status_code": 0}}
{"timestamp": "2026-03-12T21:56:41.258743", "level": "INFO", "action": "http_request", "target": "https://trust.doordash.com/?itemUid=2895b7a4-3e67-4740-be44-fbd30f21faef&source=click", "details": {"method": "GET", "status_code": 0}}
{"timestamp": "2026-03-12T21:56:41.259682", "level": "INFO", "action": "http_request", "target": "https://trust.doordash.com/?itemUid=0d553957-8301-444e-a66f-3a7715270242&source=click", "details": {"method": "GET", "status_code": 0}}
{"timestamp": "2026-03-12T21:56:41.260770", "level": "INFO", "action": "http_request", "target": "https://trust.doordash.com/?itemUid=6a6c21a3-9441-4222-953e-fa6d17a8c5a4&source=click", "details": {"method": "GET", "status_code": 0}}
{"timestamp": "2026-03-12T21:56:41.261779", "level": "INFO", "action": "http_request", "target": "https://trust.doordash.com/?itemUid=ef061e5b-a2f4-469e-92bc-ab973e3d7842&source=click", "details": {"method": "GET", "status_code": 0}}
{"timestamp": "2026-03-12T21:56:41.262742", "level": "INFO", "action": "http_request", "target": "https://trust.doordash.com/?itemUid=ac06c046-cc59-4183-8d6c-50ccc94bac65&source=click", "details": {"method": "GET", "status_code": 0}}
{"timestamp": "2026-03-12T21:56:41.263710", "level": "INFO", "action": "http_request", "target": "https://trust.doordash.com/?itemUid=1f0bd979-1753-4816-b548-b08c79caa697&source=click", "details": {"method": "GET", "status_code": 0}}
{"timestamp": "2026-03-12T21:56:41.264736", "level": "INFO", "action": "http_request", "target": "https://trust.doordash.com/?itemUid=26115955-6428-446a-b597-1079bfb40357&source=click", "details": {"method": "GET", "status_code": 0}}
{"timestamp": "2026-03-12T21:56:41.282502", "level": "INFO", "action": "http_request", "target": "https://advertising.doordash.com", "details": {"method": "GET", "status_code": 0}}
{"timestamp": "2026-03-12T21:56:41.296788", "level": "INFO", "action": "http_request", "target": "https://aichat.doordash.com", "details": {"method": "GET", "status_code": 0}}
{"timestamp": "2026-03-12T21:56:41.302549", "level": "INFO", "action": "http_request", "target": "https://api-consumer-client.doordash.com", "details": {"method": "GET", "status_code": 0}}
{"timestamp": "2026-03-12T21:56:41.304391", "level": "INFO", "action": "http_request", "target": "https://api-dasher.doordash.com", "details": {"method": "GET", "status_code": 0}}
{"timestamp": "2026-03-12T21:56:41.305831", "level": "INFO", "action": "http_request", "target": "https://api-drive.doordash.com", "details": {"method": "GET", "status_code": 0}}
{"timestamp": "2026-03-12T21:56:41.490861", "level": "INFO", "action": "http_request", "target": "http://trust.doordash.com/?itemUid=d04f3376-ffef-40fd-badb-d9b4d9e6b8ab&source=click", "details": {"method": "GET", "status_code": 0}}
{"timestamp": "2026-03-12T21:56:41.492633", "level": "INFO", "action": "http_request", "target": "http://trust.doordash.com/?itemUid=f85f1bda-27f7-4b0a-8bea-16c7d6dbec6a&source=click", "details": {"method": "GET", "status_code": 0}}
{"timestamp": "2026-03-12T21:56:41.494245", "level": "INFO", "action": "http_request", "target": "http://trust.doordash.com/?itemUid=a20d3390-7b3b-47ea-970f-4fd56770a621&source=click", "details": {"method": "GET", "status_code": 0}}
{"timestamp": "2026-03-12T21:56:41.495776", "level": "INFO", "action": "http_request", "target": "http://trust.doordash.com/?itemName=legal&source=click", "details": {"method": "GET", "status_code": 0}}
{"timestamp": "2026-03-12T21:56:41.497645", "level": "INFO", "action": "http_request", "target": "http://trust.doordash.com/?itemUid=d56fb55e-26a4-416e-8f03-07501491002f&source=click", "details": {"method": "GET", "status_code": 0}}
{"timestamp": "2026-03-12T21:56:41.499155", "level": "INFO", "action": "http_request", "target": "http://trust.doordash.com/?itemUid=6dc2e33e-13b5-48d4-9a97-8a77b113542f&source=click", "details": {"method": "GET", "status_code": 0}}
{"timestamp": "2026-03-12T21:56:41.500652", "level": "INFO", "action": "http_request", "target": "http://trust.doordash.com/?itemUid=7103fdad-d6ac-45f6-b28d-e71f32884b7f&source=click", "details": {"method": "GET", "status_code": 0}}
{"timestamp": "2026-03-12T21:56:41.502118", "level": "INFO", "action": "http_request", "target": "http://trust.doordash.com/?itemUid=ead4f497-ffd6-4d72-a43c-ddfb660f82e9&source=click", "details": {"method": "GET", "status_code": 0}}
{"timestamp": "2026-03-12T21:56:41.503587", "level": "INFO", "action": "http_request", "target": "http://trust.doordash.com/?itemUid=fa7a4923-3f51-431c-9eb6-3f88989ea858&source=click", "details": {"method": "GET", "status_code": 0}}
{"timestamp": "2026-03-12T21:56:41.505441", "level": "INFO", "action": "http_request", "target": "http://trust.doordash.com/?itemName=product_features&source=click", "details": {"method": "GET", "status_code": 0}}
{"timestamp": "2026-03-12T21:56:41.657924", "level": "INFO", "action": "http_request", "target": "http://trust.doordash.com/?itemUid=747f7d10-7a80-45cd-99ca-49893533817c&source=click", "details": {"method": "GET", "status_code": 0}}
{"timestamp": "2026-03-12T21:56:41.659508", "level": "INFO", "action": "http_request", "target": "http://trust.doordash.com/?itemUid=e5cdb67b-323e-48d7-8174-f224016ba690&source=click", "details": {"method": "GET", "status_code": 0}}
{"timestamp": "2026-03-12T21:56:41.661075", "level": "INFO", "action": "http_request", "target": "http://trust.doordash.com/?itemUid=af8eb7bc-d4b7-4e13-a4b7-6f05e2744c22&source=click", "details": {"method": "GET", "status_code": 0}}
{"timestamp": "2026-03-12T21:56:41.662542", "level": "INFO", "action": "http_request", "target": "https://doordash.com", "details": {"method": "GET", "status_code": 0}}
{"timestamp": "2026-03-12T21:56:41.663710", "level": "INFO", "action": "http_request", "target": "http://trust.doordash.com/?itemUid=147352fe-d963-4366-a838-7aae817ce083&source=click", "details": {"method": "GET", "status_code": 0}}
{"timestamp": "2026-03-12T21:56:41.664906", "level": "INFO", "action": "http_request", "target": "http://trust.doordash.com/?itemUid=32eec9be-96dd-4e45-bd70-48ded2e2ca92&source=click", "details": {"method": "GET", "status_code": 0}}
{"timestamp": "2026-03-12T21:56:41.665980", "level": "INFO", "action": "http_request", "target": "http://trust.doordash.com/?itemUid=53e1508c-665e-45a8-9ce0-03fdf9ae1efb&source=click", "details": {"method": "GET", "status_code": 0}}
{"timestamp": "2026-03-12T21:56:41.667068", "level": "INFO", "action": "http_request", "target": "http://trust.doordash.com/?itemName=data_privacy&source=click", "details": {"method": "GET", "status_code": 0}}
{"timestamp": "2026-03-12T21:56:41.668145", "level": "INFO", "action": "http_request", "target": "http://trust.doordash.com/?itemUid=16ad7671-7fe3-4998-a1d1-9465f80c2921&source=click", "details": {"method": "GET", "status_code": 0}}
{"timestamp": "2026-03-12T21:56:41.669562", "level": "INFO", "action": "http_request", "target": "http://trust.doordash.com/?itemName=environment_social_governance&source=click", "details": {"method": "GET", "status_code": 0}}
{"timestamp": "2026-03-12T21:56:41.670972", "level": "INFO", "action": "http_request", "target": "http://trust.doordash.com/?itemName=overview&source=click", "details": {"method": "GET", "status_code": 0}}
{"timestamp": "2026-03-12T21:56:41.672064", "level": "INFO", "action": "http_request", "target": "http://trust.doordash.com/?itemName=policies&source=click", "details": {"method": "GET", "status_code": 0}}
{"timestamp": "2026-03-12T21:56:41.673281", "level": "INFO", "action": "http_request", "target": "http://trust.doordash.com/?itemUid=98c0e7d7-4916-4bdc-8f2a-519ef2a315f6&source=click", "details": {"method": "GET", "status_code": 0}}
{"timestamp": "2026-03-12T21:56:41.674451", "level": "INFO", "action": "http_request", "target": "http://trust.doordash.com/?itemUid=f737ac65-fa6f-4918-954d-afefcc446461&source=click", "details": {"method": "GET", "status_code": 0}}
{"timestamp": "2026-03-12T21:56:41.675364", "level": "INFO", "action": "http_request", "target": "http://trust.doordash.com/?itemUid=26115955-6428-446a-b597-1079bfb40357&source=click", "details": {"method": "GET", "status_code": 0}}
{"timestamp": "2026-03-12T21:56:41.676210", "level": "INFO", "action": "http_request", "target": "http://trust.doordash.com/?itemUid=ef59d54a-f9f5-4093-91fb-b08582fb49de&source=click", "details": {"method": "GET", "status_code": 0}}
{"timestamp": "2026-03-12T21:56:41.677045", "level": "INFO", "action": "http_request", "target": "http://trust.doordash.com/?itemUid=f125d689-2555-4f6e-b9f3-8136731c8b63&source=click", "details": {"method": "GET", "status_code": 0}}
{"timestamp": "2026-03-12T21:56:41.677848", "level": "INFO", "action": "http_request", "target": "http://trust.doordash.com/?itemUid=54c8c787-c7f7-4e06-9658-6434ef912512&source=click", "details": {"method": "GET", "status_code": 0}}
{"timestamp": "2026-03-12T21:56:41.678646", "level": "INFO", "action": "http_request", "target": "http://trust.doordash.com/?itemUid=7d194d9c-c3e3-4638-acb4-e313c1683c29&source=click", "details": {"method": "GET", "status_code": 0}}
{"timestamp": "2026-03-12T21:56:41.679720", "level": "INFO", "action": "http_request", "target": "http://trust.doordash.com/?itemUid=b143d369-02e5-440f-9c9b-71f4a4634c45&source=click", "details": {"method": "GET", "status_code": 0}}
{"timestamp": "2026-03-12T21:56:41.681374", "level": "INFO", "action": "http_request", "target": "http://trust.doordash.com/?itemUid=82bfe5ad-1b71-455d-98c3-8dc70c033318&source=click", "details": {"method": "GET", "status_code": 0}}
{"timestamp": "2026-03-12T21:56:41.682739", "level": "INFO", "action": "http_request", "target": "http://trust.doordash.com/?itemName=network_security&source=click", "details": {"method": "GET", "status_code": 0}}
{"timestamp": "2026-03-12T21:56:41.683966", "level": "INFO", "action": "http_request", "target": "http://trust.doordash.com/?itemUid=0d553957-8301-444e-a66f-3a7715270242&source=click", "details": {"method": "GET", "status_code": 0}}
{"timestamp": "2026-03-12T21:56:41.685128", "level": "INFO", "action": "http_request", "target": "http://trust.doordash.com/?itemUid=1f0bd979-1753-4816-b548-b08c79caa697&source=click", "details": {"method": "GET", "status_code": 0}}
{"timestamp": "2026-03-12T21:56:41.686221", "level": "INFO", "action": "http_request", "target": "http://trust.doordash.com/?itemUid=176a2871-a5a2-4c04-974f-d88be6486c55&source=click", "details": {"method": "GET", "status_code": 0}}
{"timestamp": "2026-03-12T21:56:41.687409", "level": "INFO", "action": "http_request", "target": "http://trust.doordash.com/?itemUid=f4951085-df2e-4fac-9d43-60b796478b2e&source=click", "details": {"method": "GET", "status_code": 0}}
{"timestamp": "2026-03-12T21:56:41.688628", "level": "INFO", "action": "http_request", "target": "http://trust.doordash.com/?itemUid=58b09eb8-4524-422f-b555-1538135ee61c&source=click", "details": {"method": "GET", "status_code": 0}}
{"timestamp": "2026-03-12T21:56:41.689854", "level": "INFO", "action": "http_request", "target": "http://trust.doordash.com/?itemName=endpoint_security&source=click", "details": {"method": "GET", "status_code": 0}}
{"timestamp": "2026-03-12T21:56:41.690963", "level": "INFO", "action": "http_request", "target": "http://trust.doordash.com/?itemUid=979071a1-db25-43f3-a8e2-31cefc7329cd&source=click", "details": {"method": "GET", "status_code": 0}}
{"timestamp": "2026-03-12T21:56:41.691924", "level": "INFO", "action": "http_request", "target": "http://trust.doordash.com/?itemUid=265b098e-73a7-488e-8055-0d376721033e&source=click", "details": {"method": "GET", "status_code": 0}}
{"timestamp": "2026-03-12T21:56:41.693443", "level": "INFO", "action": "http_request", "target": "http://trust.doordash.com/?itemUid=b05bcec1-da7e-4885-9603-a39fd73a1cdc&source=click", "details": {"method": "GET", "status_code": 0}}
{"timestamp": "2026-03-12T21:56:41.694467", "level": "INFO", "action": "http_request", "target": "http://trust.doordash.com/?itemName=access_control&source=click", "details": {"method": "GET", "status_code": 0}}
{"timestamp": "2026-03-12T21:56:41.695316", "level": "INFO", "action": "http_request", "target": "http://trust.doordash.com/?itemUid=725423a9-688a-458b-a3b5-04cb9972e735&source=click", "details": {"method": "GET", "status_code": 0}}
{"timestamp": "2026-03-12T21:56:41.696399", "level": "INFO", "action": "http_request", "target": "http://trust.doordash.com/?itemUid=ac06c046-cc59-4183-8d6c-50ccc94bac65&source=click", "details": {"method": "GET", "status_code": 0}}
{"timestamp": "2026-03-12T21:56:41.697460", "level": "INFO", "action": "http_request", "target": "http://trust.doordash.com/?itemUid=80064615-c657-408c-8d94-2e5e96c4299e&source=click", "details": {"method": "GET", "status_code": 0}}
{"timestamp": "2026-03-12T21:56:41.698321", "level": "INFO", "action": "http_request", "target": "http://trust.doordash.com/?itemName=application_security&source=click", "details": {"method": "GET", "status_code": 0}}
{"timestamp": "2026-03-12T21:56:41.699152", "level": "INFO", "action": "http_request", "target": "http://trust.doordash.com/?itemUid=6a6c21a3-9441-4222-953e-fa6d17a8c5a4&source=click", "details": {"method": "GET", "status_code": 0}}
{"timestamp": "2026-03-12T21:56:41.699884", "level": "INFO", "action": "http_request", "target": "http://trust.doordash.com/?itemName=incident_response&source=click", "details": {"method": "GET", "status_code": 0}}
{"timestamp": "2026-03-12T21:56:41.700660", "level": "INFO", "action": "http_request", "target": "http://trust.doordash.com/?itemName=risk_management&source=click", "details": {"method": "GET", "status_code": 0}}
{"timestamp": "2026-03-12T21:56:41.701375", "level": "INFO", "action": "http_request", "target": "http://trust.doordash.com/?itemUid=38b62117-19f2-4e4e-b679-9421b66c114e&source=click", "details": {"method": "GET", "status_code": 0}}
{"timestamp": "2026-03-12T21:56:41.702601", "level": "INFO", "action": "http_request", "target": "http://trust.doordash.com/?itemName=continuous_monitoring&source=click", "details": {"method": "GET", "status_code": 0}}
{"timestamp": "2026-03-12T21:56:41.703533", "level": "INFO", "action": "http_request", "target": "http://trust.doordash.com/?itemName=certifications&source=click", "details": {"method": "GET", "status_code": 0}}
{"timestamp": "2026-03-12T21:56:41.704552", "level": "INFO", "action": "http_request", "target": "http://trust.doordash.com/?itemUid=7c0aebfb-e311-4217-a09a-e7f5ae5975f6&source=click", "details": {"method": "GET", "status_code": 0}}
{"timestamp": "2026-03-12T21:56:41.705609", "level": "INFO", "action": "http_request", "target": "http://trust.doordash.com/?itemName=awareness_training&source=click", "details": {"method": "GET", "status_code": 0}}
{"timestamp": "2026-03-12T21:56:41.706587", "level": "INFO", "action": "http_request", "target": "http://trust.doordash.com/?itemUid=8ec2e517-1250-4403-bd79-49e1151028b6&source=click", "details": {"method": "GET", "status_code": 0}}
{"timestamp": "2026-03-12T21:56:41.707599", "level": "INFO", "action": "http_request", "target": "http://trust.doordash.com/?itemName=data_security&source=click", "details": {"method": "GET", "status_code": 0}}
{"timestamp": "2026-03-12T21:56:41.708532", "level": "INFO", "action": "http_request", "target": "http://trust.doordash.com/?itemUid=ed9ba78d-8785-4345-9252-deb96405dd03&source=click", "details": {"method": "GET", "status_code": 0}}
{"timestamp": "2026-03-12T21:56:41.709415", "level": "INFO", "action": "http_request", "target": "http://trust.doordash.com/?itemUid=fa950d02-cbb3-4010-b917-7137a7c2a982&source=click", "details": {"method": "GET", "status_code": 0}}
{"timestamp": "2026-03-12T21:56:41.710253", "level": "INFO", "action": "http_request", "target": "http://trust.doordash.com/?itemUid=7a625484-99c8-4ad3-ad48-caca1a804d48&source=click", "details": {"method": "GET", "status_code": 0}}
{"timestamp": "2026-03-12T21:56:41.710958", "level": "INFO", "action": "http_request", "target": "http://trust.doordash.com/?itemUid=bd0c28e8-be7a-4556-9128-b67f8c66bc0f&source=click", "details": {"method": "GET", "status_code": 0}}
{"timestamp": "2026-03-12T21:56:41.797010", "level": "INFO", "action": "http_request", "target": "http://trust.doordash.com/?itemUid=4172d827-b055-4117-a2dc-7b0746d7afd0&source=click", "details": {"method": "GET", "status_code": 0}}
{"timestamp": "2026-03-12T21:56:42.184802", "level": "INFO", "action": "http_request", "target": "https://trust.doordash.com/?itemName=infrastructure&source=click", "details": {"method": "GET", "status_code": 0}}
{"timestamp": "2026-03-12T21:56:42.251286", "level": "INFO", "action": "http_request", "target": "https://trust.doordash.com/?itemUid=f8feb4d4-b79d-47f3-9dd7-06c479a49dfe&source=click", "details": {"method": "GET", "status_code": 0}}
{"timestamp": "2026-03-12T21:56:42.252546", "level": "INFO", "action": "http_request", "target": "https://trust.doordash.com/?itemUid=a5bb6b4d-c23b-4d4f-9da1-bedf5dc74ff5&source=click", "details": {"method": "GET", "status_code": 0}}
{"timestamp": "2026-03-12T21:56:42.253745", "level": "INFO", "action": "http_request", "target": "https://trust.doordash.com/?itemUid=bd0c28e8-be7a-4556-9128-b67f8c66bc0f&source=click", "details": {"method": "GET", "status_code": 0}}
{"timestamp": "2026-03-12T21:56:42.255208", "level": "INFO", "action": "http_request", "target": "https://trust.doordash.com/?itemUid=7a625484-99c8-4ad3-ad48-caca1a804d48&source=click", "details": {"method": "GET", "status_code": 0}}
{"timestamp": "2026-03-12T21:56:42.256407", "level": "INFO", "action": "http_request", "target": "https://trust.doordash.com/?itemUid=b05bcec1-da7e-4885-9603-a39fd73a1cdc&source=click", "details": {"method": "GET", "status_code": 0}}
{"timestamp": "2026-03-12T21:56:42.273763", "level": "INFO", "action": "http_request", "target": "https://trust.doordash.com/?itemUid=82bfe5ad-1b71-455d-98c3-8dc70c033318&source=click", "details": {"method": "GET", "status_code": 0}}
{"timestamp": "2026-03-12T21:56:42.285479", "level": "INFO", "action": "http_request", "target": "https://trust.doordash.com/?itemName=policies&source=click", "details": {"method": "GET", "status_code": 0}}
{"timestamp": "2026-03-12T21:56:42.287196", "level": "INFO", "action": "http_request", "target": "https://trust.doordash.com/?itemName=continuous_monitoring&source=click", "details": {"method": "GET", "status_code": 0}}
{"timestamp": "2026-03-12T21:56:42.288129", "level": "INFO", "action": "http_request", "target": "https://advertising.doordash.com/", "details": {"method": "GET", "status_code": 0}}
{"timestamp": "2026-03-12T21:56:42.311040", "level": "INFO", "action": "http_request", "target": "https://trust.doordash.com/?itemUid=f4951085-df2e-4fac-9d43-60b796478b2e&source=click", "details": {"method": "GET", "status_code": 0}}
{"timestamp": "2026-03-12T21:56:42.603988", "level": "INFO", "action": "http_request", "target": "http://bid47l6.email.doordash.com#global-nav-main-content", "details": {"method": "GET", "status_code": 0}}
{"timestamp": "2026-03-12T21:56:42.605679", "level": "INFO", "action": "http_request", "target": "http://bid47l6.email.doordash.com/hs/scriptloader/19958781.js", "details": {"method": "GET", "status_code": 0}}
{"timestamp": "2026-03-12T21:56:42.606919", "level": "INFO", "action": "http_request", "target": "http://bid47l6.email.doordash.com/hs/hsstatic/HubspotToolsMenu/static-1.640/js/index.js", "details": {"method": "GET", "status_code": 0}}
{"timestamp": "2026-03-12T21:56:42.608322", "level": "INFO", "action": "http_request", "target": "http://bid47l6.email.doordash.com/hs/hsstatic/cos-i18n/static-1.53/bundles/project.js", "details": {"method": "GET", "status_code": 0}}
{"timestamp": "2026-03-12T21:56:42.609739", "level": "INFO", "action": "http_request", "target": "http://bid47l6.email.doordash.com/_hcms/forms/v2.js", "details": {"method": "GET", "status_code": 0}}
{"timestamp": "2026-03-12T21:56:42.611281", "level": "INFO", "action": "http_request", "target": "http://bid47l6.email.doordash.com/hs/hsstatic/content-cwv-embed/static-1.1293/embed.js", "details": {"method": "GET", "status_code": 0}}
{"timestamp": "2026-03-12T21:56:42.914446", "level": "INFO", "action": "http_request", "target": "https://trust.doordash.com/?itemName=product_features&source=click", "details": {"method": "GET", "status_code": 0}}
{"timestamp": "2026-03-12T21:56:42.961994", "level": "INFO", "action": "http_request", "target": "https://trust.doordash.com/?itemUid=7103fdad-d6ac-45f6-b28d-e71f32884b7f&source=click", "details": {"method": "GET", "status_code": 0}}
{"timestamp": "2026-03-12T21:56:42.963353", "level": "INFO", "action": "http_request", "target": "https://trust.doordash.com/?itemUid=53e1508c-665e-45a8-9ce0-03fdf9ae1efb&source=click", "details": {"method": "GET", "status_code": 0}}
{"timestamp": "2026-03-12T21:56:42.964707", "level": "INFO", "action": "http_request", "target": "https://trust.doordash.com/?itemUid=f125d689-2555-4f6e-b9f3-8136731c8b63&source=click", "details": {"method": "GET", "status_code": 0}}
{"timestamp": "2026-03-12T21:56:43.116958", "level": "INFO", "action": "http_request", "target": "https://trust.doordash.com/?itemName=reports&source=click", "details": {"method": "GET", "status_code": 0}}
{"timestamp": "2026-03-12T21:56:43.127899", "level": "INFO", "action": "http_request", "target": "https://api-dasher.doordash.com/", "details": {"method": "GET", "status_code": 0}}
{"timestamp": "2026-03-12T21:56:43.135895", "level": "INFO", "action": "http_request", "target": "https://trust.doordash.com/?itemUid=ead4f497-ffd6-4d72-a43c-ddfb660f82e9&source=click", "details": {"method": "GET", "status_code": 0}}
{"timestamp": "2026-03-12T21:56:43.138235", "level": "INFO", "action": "http_request", "target": "https://trust.doordash.com/?itemUid=8ec2e517-1250-4403-bd79-49e1151028b6&source=click", "details": {"method": "GET", "status_code": 0}}
{"timestamp": "2026-03-12T21:56:43.139522", "level": "INFO", "action": "http_request", "target": "https://aichat.doordash.com/", "details": {"method": "GET", "status_code": 0}}
{"timestamp": "2026-03-12T21:56:43.140546", "level": "INFO", "action": "http_request", "target": "https://api-consumer-client.doordash.com/", "details": {"method": "GET", "status_code": 0}}
{"timestamp": "2026-03-12T21:56:43.180815", "level": "INFO", "action": "http_request", "target": "https://api-drive.doordash.com/", "details": {"method": "GET", "status_code": 0}}
{"timestamp": "2026-03-12T21:56:43.259741", "level": "INFO", "action": "http_request", "target": "https://trust.doordash.com/?itemUid=5eeb9c41-2fc0-4961-aafb-3ac64badd8e1&source=click", "details": {"method": "GET", "status_code": 0}}
{"timestamp": "2026-03-12T21:56:43.263745", "level": "INFO", "action": "http_request", "target": "https://trust.doordash.com/?itemUid=f737ac65-fa6f-4918-954d-afefcc446461&source=click", "details": {"method": "GET", "status_code": 0}}
{"timestamp": "2026-03-12T21:56:43.382399", "level": "INFO", "action": "http_request", "target": "https://trust.doordash.com/?itemUid=147352fe-d963-4366-a838-7aae817ce083&source=click", "details": {"method": "GET", "status_code": 0}}
{"timestamp": "2026-03-12T21:56:43.503039", "level": "INFO", "action": "http_request", "target": "https://api.doordash.com", "details": {"method": "GET", "status_code": 0}}
{"timestamp": "2026-03-12T21:56:45.698437", "level": "INFO", "action": "http_request", "target": "https://trust.doordash.com/?itemUid=32eec9be-96dd-4e45-bd70-48ded2e2ca92&source=click", "details": {"method": "GET", "status_code": 0}}
{"timestamp": "2026-03-12T21:56:45.798967", "level": "INFO", "action": "http_request", "target": "https://trust.doordash.com/?itemUid=b143d369-02e5-440f-9c9b-71f4a4634c45&source=click", "details": {"method": "GET", "status_code": 0}}
{"timestamp": "2026-03-12T21:56:45.799962", "level": "INFO", "action": "http_request", "target": "https://trust.doordash.com/?itemUid=54c8c787-c7f7-4e06-9658-6434ef912512&source=click", "details": {"method": "GET", "status_code": 0}}
{"timestamp": "2026-03-12T21:56:46.090868", "level": "INFO", "action": "http_request", "target": "https://trust.doordash.com/?itemName=overview&source=click", "details": {"method": "GET", "status_code": 0}}
{"timestamp": "2026-03-12T21:56:46.091878", "level": "INFO", "action": "http_request", "target": "https://trust.doordash.com/?itemUid=a20d3390-7b3b-47ea-970f-4fd56770a621&source=click", "details": {"method": "GET", "status_code": 0}}
{"timestamp": "2026-03-12T21:56:46.092747", "level": "INFO", "action": "http_request", "target": "https://trust.doordash.com/?itemUid=979071a1-db25-43f3-a8e2-31cefc7329cd&source=click", "details": {"method": "GET", "status_code": 0}}
{"timestamp": "2026-03-12T21:56:46.093598", "level": "INFO", "action": "http_request", "target": "https://trust.doordash.com/?itemUid=e5cdb67b-323e-48d7-8174-f224016ba690&source=click", "details": {"method": "GET", "status_code": 0}}
{"timestamp": "2026-03-12T21:56:46.094415", "level": "INFO", "action": "http_request", "target": "https://trust.doordash.com/?itemUid=d04f3376-ffef-40fd-badb-d9b4d9e6b8ab&source=click", "details": {"method": "GET", "status_code": 0}}
{"timestamp": "2026-03-12T21:56:46.103629", "level": "INFO", "action": "http_request", "target": "https://trust.doordash.com/?itemName=environment_social_governance&source=click", "details": {"method": "GET", "status_code": 0}}
{"timestamp": "2026-03-12T21:56:46.108180", "level": "INFO", "action": "http_request", "target": "https://trust.doordash.com/?itemUid=fa950d02-cbb3-4010-b917-7137a7c2a982&source=click", "details": {"method": "GET", "status_code": 0}}
{"timestamp": "2026-03-12T21:56:46.144448", "level": "INFO", "action": "http_request", "target": "https://app.doordash.com", "details": {"method": "GET", "status_code": 0}}
{"timestamp": "2026-03-12T21:56:46.145492", "level": "INFO", "action": "http_request", "target": "https://auto.doordash.com", "details": {"method": "GET", "status_code": 0}}
{"timestamp": "2026-03-12T21:56:46.146822", "level": "INFO", "action": "http_request", "target": "https://blog.doordash.com", "details": {"method": "GET", "status_code": 0}}
{"timestamp": "2026-03-12T21:56:46.147952", "level": "INFO", "action": "http_request", "target": "https://business.doordash.com", "details": {"method": "GET", "status_code": 0}}
{"timestamp": "2026-03-12T21:56:46.156353", "level": "INFO", "action": "http_request", "target": "https://api.doordash.com/", "details": {"method": "GET", "status_code": 0}}
{"timestamp": "2026-03-12T21:56:46.174315", "level": "INFO", "action": "http_request", "target": "https://ads.info.doordash.com/", "details": {"method": "GET", "status_code": 0}}
{"timestamp": "2026-03-12T21:56:46.330758", "level": "INFO", "action": "http_request", "target": "https://bx.info.doordash.com", "details": {"method": "GET", "status_code": 0}}
{"timestamp": "2026-03-12T21:56:46.361036", "level": "INFO", "action": "http_request", "target": "https://trust.doordash.com/?itemName=certifications&source=click", "details": {"method": "GET", "status_code": 0}}
{"timestamp": "2026-03-12T21:56:46.683431", "level": "INFO", "action": "http_request", "target": "https://ads.doordash.com/", "details": {"method": "GET", "status_code": 0}}
{"timestamp": "2026-03-12T21:56:46.684546", "level": "INFO", "action": "http_request", "target": "https://trust.doordash.com/?itemUid=38b62117-19f2-4e4e-b679-9421b66c114e&source=click", "details": {"method": "GET", "status_code": 0}}
{"timestamp": "2026-03-12T21:56:46.685593", "level": "INFO", "action": "http_request", "target": "https://trust.doordash.com/?itemName=endpoint_security&source=click", "details": {"method": "GET", "status_code": 0}}
{"timestamp": "2026-03-12T21:56:46.686620", "level": "INFO", "action": "http_request", "target": "https://trust.doordash.com/?itemName=data_security&source=click", "details": {"method": "GET", "status_code": 0}}
{"timestamp": "2026-03-12T21:56:46.711401", "level": "INFO", "action": "http_request", "target": "https://trust.doordash.com/?itemUid=80064615-c657-408c-8d94-2e5e96c4299e&source=click", "details": {"method": "GET", "status_code": 0}}
{"timestamp": "2026-03-12T21:56:46.713270", "level": "INFO", "action": "http_request", "target": "https://trust.doordash.com/?itemUid=98c0e7d7-4916-4bdc-8f2a-519ef2a315f6&source=click", "details": {"method": "GET", "status_code": 0}}
{"timestamp": "2026-03-12T21:56:46.715141", "level": "INFO", "action": "http_request", "target": "https://auto.doordash.com/#intake", "details": {"method": "GET", "status_code": 0}}
{"timestamp": "2026-03-12T21:56:46.717752", "level": "INFO", "action": "http_request", "target": "https://auto.doordash.com/", "details": {"method": "GET", "status_code": 0}}
{"timestamp": "2026-03-12T21:56:46.720284", "level": "INFO", "action": "http_request", "target": "https://trust.doordash.com/?itemUid=af8eb7bc-d4b7-4e13-a4b7-6f05e2744c22&source=click", "details": {"method": "GET", "status_code": 0}}
{"timestamp": "2026-03-12T21:56:46.722639", "level": "INFO", "action": "http_request", "target": "https://trust.doordash.com/?itemName=application_security&source=click", "details": {"method": "GET", "status_code": 0}}
{"timestamp": "2026-03-12T21:56:46.724683", "level": "INFO", "action": "http_request", "target": "https://trust.doordash.com/?itemUid=176a2871-a5a2-4c04-974f-d88be6486c55&source=click", "details": {"method": "GET", "status_code": 0}}
{"timestamp": "2026-03-12T21:56:46.725701", "level": "INFO", "action": "http_request", "target": "https://trust.doordash.com/?itemUid=ef59d54a-f9f5-4093-91fb-b08582fb49de&source=click", "details": {"method": "GET", "status_code": 0}}
{"timestamp": "2026-03-12T21:56:46.855421", "level": "INFO", "action": "http_request", "target": "https://app.doordash.com/", "details": {"method": "GET", "status_code": 0}}
{"timestamp": "2026-03-12T21:56:46.856521", "level": "INFO", "action": "http_request", "target": "https://www.doordash.com/merchant/storefront/premium-features", "details": {"method": "GET", "status_code": 0}}
{"timestamp": "2026-03-12T21:56:46.940596", "level": "INFO", "action": "http_request", "target": "https://business.doordash.com/", "details": {"method": "GET", "status_code": 0}}
{"timestamp": "2026-03-12T21:56:47.057675", "level": "INFO", "action": "http_request", "target": "https://trust.doordash.com/?itemName=internal_practices&source=click", "details": {"method": "GET", "status_code": 0}}
{"timestamp": "2026-03-12T21:56:47.114131", "level": "INFO", "action": "http_request", "target": "https://trust.doordash.com/?itemName=data_privacy&source=click", "details": {"method": "GET", "status_code": 0}}
{"timestamp": "2026-03-12T21:56:47.208764", "level": "INFO", "action": "http_request", "target": "https://trust.doordash.com/?itemUid=7c0aebfb-e311-4217-a09a-e7f5ae5975f6&source=click", "details": {"method": "GET", "status_code": 0}}
{"timestamp": "2026-03-12T21:56:47.210277", "level": "INFO", "action": "http_request", "target": "https://trust.doordash.com/?itemName=questionnaires&source=click", "details": {"method": "GET", "status_code": 0}}
{"timestamp": "2026-03-12T21:56:47.211762", "level": "INFO", "action": "http_request", "target": "https://trust.doordash.com/?itemUid=7d194d9c-c3e3-4638-acb4-e313c1683c29&source=click", "details": {"method": "GET", "status_code": 0}}
{"timestamp": "2026-03-12T21:56:47.230712", "level": "INFO", "action": "http_request", "target": "https://trust.doordash.com/?itemUid=fa7a4923-3f51-431c-9eb6-3f88989ea858&source=click", "details": {"method": "GET", "status_code": 0}}
{"timestamp": "2026-03-12T21:56:47.234584", "level": "INFO", "action": "http_request", "target": "https://trust.doordash.com/?itemUid=d56fb55e-26a4-416e-8f03-07501491002f&source=click", "details": {"method": "GET", "status_code": 0}}
{"timestamp": "2026-03-12T21:56:47.235500", "level": "INFO", "action": "http_request", "target": "https://trust.doordash.com/?itemUid=ed9ba78d-8785-4345-9252-deb96405dd03&source=click", "details": {"method": "GET", "status_code": 0}}
{"timestamp": "2026-03-12T21:56:47.240054", "level": "INFO", "action": "http_request", "target": "https://trust.doordash.com/?itemName=risk_management&source=click", "details": {"method": "GET", "status_code": 0}}
{"timestamp": "2026-03-12T21:56:47.243252", "level": "INFO", "action": "http_request", "target": "https://trust.doordash.com/?itemName=access_control&source=click", "details": {"method": "GET", "status_code": 0}}
{"timestamp": "2026-03-12T21:56:47.245282", "level": "INFO", "action": "http_request", "target": "https://canary-cdn.doordash.com", "details": {"method": "GET", "status_code": 0}}
{"timestamp": "2026-03-12T21:56:47.285745", "level": "INFO", "action": "http_request", "target": "https://careers.doordash.com", "details": {"method": "GET", "status_code": 0}}
{"timestamp": "2026-03-12T21:56:47.294164", "level": "INFO", "action": "http_request", "target": "https://blog.doordash.com/", "details": {"method": "GET", "status_code": 0}}
{"timestamp": "2026-03-12T21:56:47.500497", "level": "INFO", "action": "http_request", "target": "https://trust.doordash.com/?itemName=awareness_training&source=click", "details": {"method": "GET", "status_code": 0}}
{"timestamp": "2026-03-12T21:56:47.501533", "level": "INFO", "action": "http_request", "target": "https://trust.doordash.com/?itemName=legal&source=click", "details": {"method": "GET", "status_code": 0}}
{"timestamp": "2026-03-12T21:56:47.567975", "level": "INFO", "action": "http_request", "target": "https://www.doordash.com/", "details": {"method": "GET", "status_code": 0}}
{"timestamp": "2026-03-12T21:56:47.745753", "level": "INFO", "action": "http_request", "target": "https://trust.doordash.com/?itemUid=265b098e-73a7-488e-8055-0d376721033e&source=click", "details": {"method": "GET", "status_code": 0}}
{"timestamp": "2026-03-12T21:56:47.751931", "level": "INFO", "action": "http_request", "target": "https://trust.doordash.com/?itemUid=f85f1bda-27f7-4b0a-8bea-16c7d6dbec6a&source=click", "details": {"method": "GET", "status_code": 0}}
{"timestamp": "2026-03-12T21:56:47.753766", "level": "INFO", "action": "http_request", "target": "https://trust.doordash.com/?itemUid=4172d827-b055-4117-a2dc-7b0746d7afd0&source=click", "details": {"method": "GET", "status_code": 0}}
{"timestamp": "2026-03-12T21:56:47.754758", "level": "INFO", "action": "http_request", "target": "https://trust.doordash.com/?itemUid=747f7d10-7a80-45cd-99ca-49893533817c&source=click", "details": {"method": "GET", "status_code": 0}}
{"timestamp": "2026-03-12T21:56:47.789008", "level": "INFO", "action": "http_request", "target": "https://trust.doordash.com/?itemName=incident_response&source=click", "details": {"method": "GET", "status_code": 0}}
{"timestamp": "2026-03-12T21:56:47.790355", "level": "INFO", "action": "http_request", "target": "https://trust.doordash.com/?itemUid=6dc2e33e-13b5-48d4-9a97-8a77b113542f&source=click", "details": {"method": "GET", "status_code": 0}}
{"timestamp": "2026-03-12T21:56:47.791573", "level": "INFO", "action": "http_request", "target": "https://trust.doordash.com/?itemUid=58b09eb8-4524-422f-b555-1538135ee61c&source=click", "details": {"method": "GET", "status_code": 0}}
{"timestamp": "2026-03-12T21:56:47.796355", "level": "INFO", "action": "http_request", "target": "https://cdn.doordash.com", "details": {"method": "GET", "status_code": 0}}
{"timestamp": "2026-03-12T21:56:47.798092", "level": "INFO", "action": "http_request", "target": "https://common.doordash.com", "details": {"method": "GET", "status_code": 0}}
{"timestamp": "2026-03-12T21:56:47.882359", "level": "INFO", "action": "http_request", "target": "https://careers.doordash.com/", "details": {"method": "GET", "status_code": 0}}
{"timestamp": "2026-03-12T21:56:48.258446", "level": "INFO", "action": "http_request", "target": "https://creator.doordash.com", "details": {"method": "GET", "status_code": 0}}
{"timestamp": "2026-03-12T21:56:48.262137", "level": "INFO", "action": "http_request", "target": "https://crm.doordash.com", "details": {"method": "GET", "status_code": 0}}
{"timestamp": "2026-03-12T21:56:48.264388", "level": "INFO", "action": "http_request", "target": "https://dasher-dropoff-photos-handoffs.doordash.com", "details": {"method": "GET", "status_code": 0}}
{"timestamp": "2026-03-12T21:56:48.265650", "level": "INFO", "action": "http_request", "target": "https://dasher-dropoff-photos.doordash.com", "details": {"method": "GET", "status_code": 0}}
{"timestamp": "2026-03-12T21:56:48.364803", "level": "INFO", "action": "http_request", "target": "https://dasher-mobile-bff.doordash.com", "details": {"method": "GET", "status_code": 0}}
{"timestamp": "2026-03-12T21:56:48.402233", "level": "INFO", "action": "http_request", "target": "https://bx.info.doordash.com/", "details": {"method": "GET", "status_code": 0}}
{"timestamp": "2026-03-12T21:56:48.419026", "level": "INFO", "action": "http_request", "target": "http://mail.doordash.com/favicon.ico", "details": {"method": "GET", "status_code": 0}}
{"timestamp": "2026-03-12T21:56:48.420072", "level": "INFO", "action": "http_request", "target": "http://mail.doordash.com/", "details": {"method": "GET", "status_code": 0}}
{"timestamp": "2026-03-12T21:56:48.421421", "level": "INFO", "action": "http_request", "target": "http://mail.doordash.com/privacy", "details": {"method": "GET", "status_code": 0}}
{"timestamp": "2026-03-12T21:56:48.425575", "level": "INFO", "action": "http_request", "target": "http://mail.doordash.com/api/internal/brand/theme/style-sheet?touch-point=SIGN_IN_PAGE&v=abc4780733b2999dc5536ea4bf18a7237d32beafe91e2f7611b8af3ecb8ae0d0dfb208992a3b1ecefd0c0f9333f4b59d", "details": {"method": "GET", "status_code": 0}}
{"timestamp": "2026-03-12T21:56:48.426597", "level": "INFO", "action": "http_request", "target": "http://mail.doordash.com/login/cert", "details": {"method": "GET", "status_code": 0}}
{"timestamp": "2026-03-12T21:56:48.427622", "level": "INFO", "action": "http_request", "target": "https://dasher.doordash.com", "details": {"method": "GET", "status_code": 0}}
{"timestamp": "2026-03-12T21:56:48.462978", "level": "INFO", "action": "http_request", "target": "https://crm.doordash.com/", "details": {"method": "GET", "status_code": 0}}
{"timestamp": "2026-03-12T21:56:48.593427", "level": "INFO", "action": "http_request", "target": "https://dasher-mobile-bff.doordash.com/", "details": {"method": "GET", "status_code": 0}}
{"timestamp": "2026-03-12T21:56:48.595665", "level": "INFO", "action": "http_request", "target": "https://dasherhelp.doordash.com", "details": {"method": "GET", "status_code": 0}}
{"timestamp": "2026-03-12T21:56:48.623531", "level": "INFO", "action": "http_request", "target": "https://dasher.doordash.com/", "details": {"method": "GET", "status_code": 0}}
{"timestamp": "2026-03-12T21:56:48.637060", "level": "INFO", "action": "http_request", "target": "https://creator.doordash.com/", "details": {"method": "GET", "status_code": 0}}
{"timestamp": "2026-03-12T21:56:48.734899", "level": "INFO", "action": "http_request", "target": "https://dashmart-cr-photo-asset.doordash.com", "details": {"method": "GET", "status_code": 0}}
{"timestamp": "2026-03-12T21:56:48.739096", "level": "INFO", "action": "http_request", "target": "https://dashmart-gateway.doordash.com", "details": {"method": "GET", "status_code": 0}}
{"timestamp": "2026-03-12T21:56:48.775468", "level": "INFO", "action": "http_request", "target": "https://ddlwms.doordash.com", "details": {"method": "GET", "status_code": 0}}
{"timestamp": "2026-03-12T21:56:48.883390", "level": "INFO", "action": "http_request", "target": "https://deliveringgood.doordash.com", "details": {"method": "GET", "status_code": 0}}
{"timestamp": "2026-03-12T21:56:48.902951", "level": "INFO", "action": "http_request", "target": "https://dashmart-gateway.doordash.com/", "details": {"method": "GET", "status_code": 0}}
{"timestamp": "2026-03-12T21:56:48.906807", "level": "INFO", "action": "http_request", "target": "https://dev5.doordash.com", "details": {"method": "GET", "status_code": 0}}
{"timestamp": "2026-03-12T21:56:48.916629", "level": "INFO", "action": "http_request", "target": "https://developer.doordash.com", "details": {"method": "GET", "status_code": 0}}
{"timestamp": "2026-03-12T21:56:48.930983", "level": "INFO", "action": "http_request", "target": "https://dispatch.doordash.com", "details": {"method": "GET", "status_code": 0}}
{"timestamp": "2026-03-12T21:56:48.946361", "level": "INFO", "action": "http_request", "target": "https://dasherhelp.doordash.com/", "details": {"method": "GET", "status_code": 0}}
{"timestamp": "2026-03-12T21:56:49.029767", "level": "INFO", "action": "http_request", "target": "https://deliveringgood.doordash.com/", "details": {"method": "GET", "status_code": 0}}
{"timestamp": "2026-03-12T21:56:49.051769", "level": "INFO", "action": "http_request", "target": "https://drive-asset.doordash.com", "details": {"method": "GET", "status_code": 0}}
{"timestamp": "2026-03-12T21:56:49.068805", "level": "INFO", "action": "http_request", "target": "https://developer.doordash.com/", "details": {"method": "GET", "status_code": 0}}
{"timestamp": "2026-03-12T21:56:49.127536", "level": "INFO", "action": "http_request", "target": "https://drive-billing.doordash.com", "details": {"method": "GET", "status_code": 0}}
{"timestamp": "2026-03-12T21:56:49.174229", "level": "INFO", "action": "http_request", "target": "https://dispatch.doordash.com/", "details": {"method": "GET", "status_code": 0}}
{"timestamp": "2026-03-12T21:56:49.214668", "level": "INFO", "action": "http_request", "target": "https://drive-onboarding.doordash.com", "details": {"method": "GET", "status_code": 0}}
{"timestamp": "2026-03-12T21:56:49.215759", "level": "INFO", "action": "http_request", "target": "https://driver.doordash.com", "details": {"method": "GET", "status_code": 0}}
{"timestamp": "2026-03-12T21:56:49.244241", "level": "INFO", "action": "http_request", "target": "https://drs.doordash.com", "details": {"method": "GET", "status_code": 0}}
{"timestamp": "2026-03-12T21:56:49.390000", "level": "INFO", "action": "http_request", "target": "https://dx-delivery-fulfillment-photos.doordash.com", "details": {"method": "GET", "status_code": 0}}
{"timestamp": "2026-03-12T21:56:49.441722", "level": "INFO", "action": "http_request", "target": "https://drive-onboarding.doordash.com/", "details": {"method": "GET", "status_code": 0}}
{"timestamp": "2026-03-12T21:56:49.494394", "level": "INFO", "action": "http_request", "target": "https://drs.doordash.com/", "details": {"method": "GET", "status_code": 0}}
{"timestamp": "2026-03-12T21:56:49.511142", "level": "INFO", "action": "http_request", "target": "https://dx-drive-equipment.doordash.com", "details": {"method": "GET", "status_code": 0}}
{"timestamp": "2026-03-12T21:56:49.628640", "level": "INFO", "action": "http_request", "target": "https://dynamic-values-edge-service.doordash.com", "details": {"method": "GET", "status_code": 0}}
{"timestamp": "2026-03-12T21:56:49.633259", "level": "INFO", "action": "http_request", "target": "https://email.internalcomms.doordash.com", "details": {"method": "GET", "status_code": 0}}
{"timestamp": "2026-03-12T21:56:49.652395", "level": "INFO", "action": "http_request", "target": "https://email.recruiting.doordash.com", "details": {"method": "GET", "status_code": 0}}
{"timestamp": "2026-03-12T21:56:49.821926", "level": "INFO", "action": "http_request", "target": "https://dynamic-values-edge-service.doordash.com/", "details": {"method": "GET", "status_code": 0}}
{"timestamp": "2026-03-12T21:56:50.623327", "level": "INFO", "action": "http_request", "target": "http://mail.doordash.com/login/", "details": {"method": "GET", "status_code": 0}}
{"timestamp": "2026-03-12T21:56:51.065966", "level": "INFO", "action": "http_request", "target": "http://mail.doordash.com/api/internal/brand/theme/", "details": {"method": "GET", "status_code": 0}}
{"timestamp": "2026-03-12T21:57:06.226483", "level": "INFO", "action": "scan_end", "target": "doordash.com", "details": {"scan_type": "surface_map", "findings": 298}}
{"timestamp": "2026-03-12T21:57:06.236259", "level": "INFO", "action": "authorization_granted", "target": "doordash.com", "details": {"action": "vulnerability_scan"}}
{"timestamp": "2026-03-12T21:57:06.238194", "level": "INFO", "action": "scan_start", "target": "doordash.com", "details": {"scan_type": "vuln_scan"}}
{"timestamp": "2026-03-12T21:57:06.243020", "level": "INFO", "action": "http_request", "target": "http://trust.doordash.com/?itemUid=5eeb9c41-2fc0-4961-aafb-3ac64badd8e1&source=click", "details": {"method": "GET", "status_code": 0}}
{"timestamp": "2026-03-12T21:57:06.293640", "level": "INFO", "action": "http_request", "target": "http://trust.doordash.com/?itemUid=5eeb9c41-2fc0-4961-aafb-3ac64badd8e1&source=click", "details": {"method": "GET", "status_code": 0}}
{"timestamp": "2026-03-12T21:57:06.334117", "level": "INFO", "action": "http_request", "target": "http://trust.doordash.com/?itemUid=5eeb9c41-2fc0-4961-aafb-3ac64badd8e1&source=click", "details": {"method": "GET", "status_code": 0}}
{"timestamp": "2026-03-12T21:57:06.387859", "level": "INFO", "action": "http_request", "target": "http://trust.doordash.com/?itemUid=5eeb9c41-2fc0-4961-aafb-3ac64badd8e1&source=click", "details": {"method": "GET", "status_code": 0}}
{"timestamp": "2026-03-12T21:57:06.433884", "level": "INFO", "action": "http_request", "target": "http://trust.doordash.com/?itemUid=2895b7a4-3e67-4740-be44-fbd30f21faef&source=click", "details": {"method": "GET", "status_code": 0}}
{"timestamp": "2026-03-12T21:57:06.485667", "level": "INFO", "action": "http_request", "target": "http://trust.doordash.com/?itemUid=2895b7a4-3e67-4740-be44-fbd30f21faef&source=click", "details": {"method": "GET", "status_code": 0}}
{"timestamp": "2026-03-12T21:57:06.546490", "level": "INFO", "action": "http_request", "target": "http://trust.doordash.com/?itemUid=2895b7a4-3e67-4740-be44-fbd30f21faef&source=click", "details": {"method": "GET", "status_code": 0}}
{"timestamp": "2026-03-12T21:57:06.596996", "level": "INFO", "action": "http_request", "target": "http://trust.doordash.com/?itemName=questionnaires&source=click", "details": {"method": "GET", "status_code": 0}}
{"timestamp": "2026-03-12T21:57:06.650255", "level": "INFO", "action": "http_request", "target": "http://trust.doordash.com/?itemName=questionnaires&source=click", "details": {"method": "GET", "status_code": 0}}
{"timestamp": "2026-03-12T21:57:06.698589", "level": "INFO", "action": "http_request", "target": "http://trust.doordash.com/?itemName=questionnaires&source=click", "details": {"method": "GET", "status_code": 0}}
{"timestamp": "2026-03-12T21:57:06.748741", "level": "INFO", "action": "http_request", "target": "http://trust.doordash.com/?itemUid=f8feb4d4-b79d-47f3-9dd7-06c479a49dfe&source=click", "details": {"method": "GET", "status_code": 0}}
{"timestamp": "2026-03-12T21:57:06.795991", "level": "INFO", "action": "http_request", "target": "http://trust.doordash.com/?itemUid=f8feb4d4-b79d-47f3-9dd7-06c479a49dfe&source=click", "details": {"method": "GET", "status_code": 0}}
{"timestamp": "2026-03-12T21:57:06.838695", "level": "INFO", "action": "http_request", "target": "http://trust.doordash.com/?itemUid=f8feb4d4-b79d-47f3-9dd7-06c479a49dfe&source=click", "details": {"method": "GET", "status_code": 0}}
{"timestamp": "2026-03-12T21:57:06.879647", "level": "INFO", "action": "http_request", "target": "http://trust.doordash.com/?itemUid=a5bb6b4d-c23b-4d4f-9da1-bedf5dc74ff5&source=click", "details": {"method": "GET", "status_code": 0}}
{"timestamp": "2026-03-12T21:57:06.928538", "level": "INFO", "action": "http_request", "target": "http://trust.doordash.com/?itemUid=a5bb6b4d-c23b-4d4f-9da1-bedf5dc74ff5&source=click", "details": {"method": "GET", "status_code": 0}}
{"timestamp": "2026-03-12T21:57:06.990506", "level": "INFO", "action": "http_request", "target": "http://trust.doordash.com/?itemUid=a5bb6b4d-c23b-4d4f-9da1-bedf5dc74ff5&source=click", "details": {"method": "GET", "status_code": 0}}
{"timestamp": "2026-03-12T21:57:07.036225", "level": "INFO", "action": "http_request", "target": "http://trust.doordash.com/?itemUid=ef061e5b-a2f4-469e-92bc-ab973e3d7842&source=click", "details": {"method": "GET", "status_code": 0}}
{"timestamp": "2026-03-12T21:57:07.078818", "level": "INFO", "action": "http_request", "target": "http://trust.doordash.com/?itemUid=ef061e5b-a2f4-469e-92bc-ab973e3d7842&source=click", "details": {"method": "GET", "status_code": 0}}
{"timestamp": "2026-03-12T21:57:07.130295", "level": "INFO", "action": "http_request", "target": "http://trust.doordash.com/?itemUid=ef061e5b-a2f4-469e-92bc-ab973e3d7842&source=click", "details": {"method": "GET", "status_code": 0}}
{"timestamp": "2026-03-12T21:57:07.188099", "level": "INFO", "action": "http_request", "target": "http://trust.doordash.com/?itemName=reports&source=click", "details": {"method": "GET", "status_code": 0}}
{"timestamp": "2026-03-12T21:57:07.234874", "level": "INFO", "action": "http_request", "target": "http://trust.doordash.com/?itemName=reports&source=click", "details": {"method": "GET", "status_code": 0}}
{"timestamp": "2026-03-12T21:57:07.278210", "level": "INFO", "action": "http_request", "target": "http://trust.doordash.com/?itemName=reports&source=click", "details": {"method": "GET", "status_code": 0}}
{"timestamp": "2026-03-12T21:57:07.343436", "level": "INFO", "action": "http_request", "target": "https://trust.doordash.com/?itemUid=26115955-6428-446a-b597-1079bfb40357&source=click", "details": {"method": "GET", "status_code": 0}}
{"timestamp": "2026-03-12T21:57:11.543799", "level": "INFO", "action": "http_request", "target": "https://trust.doordash.com/?itemUid=26115955-6428-446a-b597-1079bfb40357&source=click", "details": {"method": "GET", "status_code": 0}}
{"timestamp": "2026-03-12T21:57:14.638597", "level": "INFO", "action": "http_request", "target": "https://trust.doordash.com/?itemUid=26115955-6428-446a-b597-1079bfb40357&source=click", "details": {"method": "GET", "status_code": 0}}
{"timestamp": "2026-03-12T21:57:18.917359", "level": "INFO", "action": "http_request", "target": "http://trust.doordash.com/?itemName=internal_practices&source=click", "details": {"method": "GET", "status_code": 0}}
{"timestamp": "2026-03-12T21:57:19.014011", "level": "INFO", "action": "http_request", "target": "http://trust.doordash.com/?itemName=internal_practices&source=click", "details": {"method": "GET", "status_code": 0}}
{"timestamp": "2026-03-12T21:57:19.119006", "level": "INFO", "action": "http_request", "target": "http://trust.doordash.com/?itemName=internal_practices&source=click", "details": {"method": "GET", "status_code": 0}}
{"timestamp": "2026-03-12T21:57:19.176556", "level": "INFO", "action": "http_request", "target": "http://trust.doordash.com/?itemName=infrastructure&source=click", "details": {"method": "GET", "status_code": 0}}
{"timestamp": "2026-03-12T21:57:19.225677", "level": "INFO", "action": "http_request", "target": "http://trust.doordash.com/?itemName=infrastructure&source=click", "details": {"method": "GET", "status_code": 0}}
{"timestamp": "2026-03-12T21:57:19.272897", "level": "INFO", "action": "http_request", "target": "http://trust.doordash.com/?itemName=infrastructure&source=click", "details": {"method": "GET", "status_code": 0}}
{"timestamp": "2026-03-12T21:57:19.340583", "level": "INFO", "action": "http_request", "target": "https://trust.doordash.com/?itemUid=6a6c21a3-9441-4222-953e-fa6d17a8c5a4&source=click", "details": {"method": "GET", "status_code": 0}}
{"timestamp": "2026-03-12T21:57:19.511933", "level": "INFO", "action": "http_request", "target": "https://trust.doordash.com/?itemUid=6a6c21a3-9441-4222-953e-fa6d17a8c5a4&source=click", "details": {"method": "GET", "status_code": 0}}
{"timestamp": "2026-03-12T21:57:19.684951", "level": "INFO", "action": "http_request", "target": "https://trust.doordash.com/?itemUid=6a6c21a3-9441-4222-953e-fa6d17a8c5a4&source=click", "details": {"method": "GET", "status_code": 0}}
{"timestamp": "2026-03-12T21:57:19.826164", "level": "INFO", "action": "http_request", "target": "https://trust.doordash.com/?itemUid=16ad7671-7fe3-4998-a1d1-9465f80c2921&source=click", "details": {"method": "GET", "status_code": 0}}
{"timestamp": "2026-03-12T21:57:19.983711", "level": "INFO", "action": "http_request", "target": "https://trust.doordash.com/?itemUid=16ad7671-7fe3-4998-a1d1-9465f80c2921&source=click", "details": {"method": "GET", "status_code": 0}}
{"timestamp": "2026-03-12T21:57:20.157854", "level": "INFO", "action": "http_request", "target": "https://trust.doordash.com/?itemUid=16ad7671-7fe3-4998-a1d1-9465f80c2921&source=click", "details": {"method": "GET", "status_code": 0}}
{"timestamp": "2026-03-12T21:57:20.297449", "level": "INFO", "action": "http_request", "target": "https://trust.doordash.com/?itemUid=1f0bd979-1753-4816-b548-b08c79caa697&source=click", "details": {"method": "GET", "status_code": 0}}
{"timestamp": "2026-03-12T21:57:20.398857", "level": "INFO", "action": "http_request", "target": "https://trust.doordash.com/?itemUid=1f0bd979-1753-4816-b548-b08c79caa697&source=click", "details": {"method": "GET", "status_code": 0}}
{"timestamp": "2026-03-12T21:57:20.515514", "level": "INFO", "action": "http_request", "target": "https://trust.doordash.com/?itemUid=1f0bd979-1753-4816-b548-b08c79caa697&source=click", "details": {"method": "GET", "status_code": 0}}
{"timestamp": "2026-03-12T21:57:20.643393", "level": "INFO", "action": "http_request", "target": "https://trust.doordash.com/?itemUid=0d553957-8301-444e-a66f-3a7715270242&source=click", "details": {"method": "GET", "status_code": 0}}
{"timestamp": "2026-03-12T21:57:20.750904", "level": "INFO", "action": "http_request", "target": "https://trust.doordash.com/?itemUid=0d553957-8301-444e-a66f-3a7715270242&source=click", "details": {"method": "GET", "status_code": 0}}
{"timestamp": "2026-03-12T21:57:20.864227", "level": "INFO", "action": "http_request", "target": "https://trust.doordash.com/?itemUid=0d553957-8301-444e-a66f-3a7715270242&source=click", "details": {"method": "GET", "status_code": 0}}
{"timestamp": "2026-03-12T21:57:20.979922", "level": "INFO", "action": "http_request", "target": "https://trust.doordash.com/?itemUid=ef061e5b-a2f4-469e-92bc-ab973e3d7842&source=click", "details": {"method": "GET", "status_code": 0}}
{"timestamp": "2026-03-12T21:57:21.082501", "level": "INFO", "action": "http_request", "target": "https://trust.doordash.com/?itemUid=ef061e5b-a2f4-469e-92bc-ab973e3d7842&source=click", "details": {"method": "GET", "status_code": 0}}
{"timestamp": "2026-03-12T21:57:21.191134", "level": "INFO", "action": "http_request", "target": "https://trust.doordash.com/?itemUid=ef061e5b-a2f4-469e-92bc-ab973e3d7842&source=click", "details": {"method": "GET", "status_code": 0}}
{"timestamp": "2026-03-12T21:57:21.304216", "level": "INFO", "action": "http_request", "target": "https://trust.doordash.com/?itemUid=725423a9-688a-458b-a3b5-04cb9972e735&source=click", "details": {"method": "GET", "status_code": 0}}
{"timestamp": "2026-03-12T21:57:21.432423", "level": "INFO", "action": "http_request", "target": "https://trust.doordash.com/?itemUid=725423a9-688a-458b-a3b5-04cb9972e735&source=click", "details": {"method": "GET", "status_code": 0}}
{"timestamp": "2026-03-12T21:57:21.534208", "level": "INFO", "action": "http_request", "target": "https://trust.doordash.com/?itemUid=725423a9-688a-458b-a3b5-04cb9972e735&source=click", "details": {"method": "GET", "status_code": 0}}
{"timestamp": "2026-03-12T21:57:21.689233", "level": "INFO", "action": "http_request", "target": "https://trust.doordash.com/?itemName=network_security&source=click", "details": {"method": "GET", "status_code": 0}}
{"timestamp": "2026-03-12T21:57:21.807344", "level": "INFO", "action": "http_request", "target": "https://trust.doordash.com/?itemName=network_security&source=click", "details": {"method": "GET", "status_code": 0}}
{"timestamp": "2026-03-12T21:57:21.945721", "level": "INFO", "action": "http_request", "target": "https://trust.doordash.com/?itemName=network_security&source=click", "details": {"method": "GET", "status_code": 0}}
{"timestamp": "2026-03-12T21:57:22.076544", "level": "INFO", "action": "http_request", "target": "https://trust.doordash.com/?itemUid=2895b7a4-3e67-4740-be44-fbd30f21faef&source=click", "details": {"method": "GET", "status_code": 0}}
{"timestamp": "2026-03-12T21:57:22.205563", "level": "INFO", "action": "http_request", "target": "https://trust.doordash.com/?itemUid=2895b7a4-3e67-4740-be44-fbd30f21faef&source=click", "details": {"method": "GET", "status_code": 0}}
{"timestamp": "2026-03-12T21:57:22.374565", "level": "INFO", "action": "http_request", "target": "https://trust.doordash.com/?itemUid=2895b7a4-3e67-4740-be44-fbd30f21faef&source=click", "details": {"method": "GET", "status_code": 0}}
{"timestamp": "2026-03-12T21:57:22.566039", "level": "INFO", "action": "http_request", "target": "https://trust.doordash.com/?itemUid=ac06c046-cc59-4183-8d6c-50ccc94bac65&source=click", "details": {"method": "GET", "status_code": 0}}
{"timestamp": "2026-03-12T21:57:22.737039", "level": "INFO", "action": "http_request", "target": "https://trust.doordash.com/?itemUid=ac06c046-cc59-4183-8d6c-50ccc94bac65&source=click", "details": {"method": "GET", "status_code": 0}}
{"timestamp": "2026-03-12T21:57:22.912749", "level": "INFO", "action": "http_request", "target": "https://trust.doordash.com/?itemUid=ac06c046-cc59-4183-8d6c-50ccc94bac65&source=click", "details": {"method": "GET", "status_code": 0}}
{"timestamp": "2026-03-12T21:57:23.061088", "level": "INFO", "action": "http_request", "target": "https://trust.doordash.com/?itemUid=7a625484-99c8-4ad3-ad48-caca1a804d48&source=click", "details": {"method": "GET", "status_code": 0}}
{"timestamp": "2026-03-12T21:57:23.180358", "level": "INFO", "action": "http_request", "target": "https://trust.doordash.com/?itemUid=7a625484-99c8-4ad3-ad48-caca1a804d48&source=click", "details": {"method": "GET", "status_code": 0}}
{"timestamp": "2026-03-12T21:57:23.312414", "level": "INFO", "action": "http_request", "target": "https://trust.doordash.com/?itemUid=7a625484-99c8-4ad3-ad48-caca1a804d48&source=click", "details": {"method": "GET", "status_code": 0}}
{"timestamp": "2026-03-12T21:57:23.425447", "level": "INFO", "action": "http_request", "target": "https://trust.doordash.com/?itemName=continuous_monitoring&source=click", "details": {"method": "GET", "status_code": 0}}
{"timestamp": "2026-03-12T21:57:23.545629", "level": "INFO", "action": "http_request", "target": "https://trust.doordash.com/?itemName=continuous_monitoring&source=click", "details": {"method": "GET", "status_code": 0}}
{"timestamp": "2026-03-12T21:57:23.682059", "level": "INFO", "action": "http_request", "target": "https://trust.doordash.com/?itemName=continuous_monitoring&source=click", "details": {"method": "GET", "status_code": 0}}
{"timestamp": "2026-03-12T21:57:23.822695", "level": "INFO", "action": "http_request", "target": "https://trust.doordash.com/?itemName=policies&source=click", "details": {"method": "GET", "status_code": 0}}
{"timestamp": "2026-03-12T21:57:23.984955", "level": "INFO", "action": "http_request", "target": "https://trust.doordash.com/?itemName=policies&source=click", "details": {"method": "GET", "status_code": 0}}
{"timestamp": "2026-03-12T21:57:24.113584", "level": "INFO", "action": "http_request", "target": "https://trust.doordash.com/?itemName=policies&source=click", "details": {"method": "GET", "status_code": 0}}
{"timestamp": "2026-03-12T21:57:24.249824", "level": "INFO", "action": "http_request", "target": "https://trust.doordash.com/?itemUid=82bfe5ad-1b71-455d-98c3-8dc70c033318&source=click", "details": {"method": "GET", "status_code": 0}}
{"timestamp": "2026-03-12T21:57:24.373739", "level": "INFO", "action": "http_request", "target": "https://trust.doordash.com/?itemUid=82bfe5ad-1b71-455d-98c3-8dc70c033318&source=click", "details": {"method": "GET", "status_code": 0}}
{"timestamp": "2026-03-12T21:57:24.605469", "level": "INFO", "action": "http_request", "target": "https://trust.doordash.com/?itemUid=82bfe5ad-1b71-455d-98c3-8dc70c033318&source=click", "details": {"method": "GET", "status_code": 0}}
{"timestamp": "2026-03-12T21:57:24.735334", "level": "INFO", "action": "http_request", "target": "https://trust.doordash.com/?itemUid=bd0c28e8-be7a-4556-9128-b67f8c66bc0f&source=click", "details": {"method": "GET", "status_code": 0}}
{"timestamp": "2026-03-12T21:57:24.904378", "level": "INFO", "action": "http_request", "target": "https://trust.doordash.com/?itemUid=bd0c28e8-be7a-4556-9128-b67f8c66bc0f&source=click", "details": {"method": "GET", "status_code": 0}}
{"timestamp": "2026-03-12T21:57:25.017631", "level": "INFO", "action": "http_request", "target": "https://trust.doordash.com/?itemUid=bd0c28e8-be7a-4556-9128-b67f8c66bc0f&source=click", "details": {"method": "GET", "status_code": 0}}
{"timestamp": "2026-03-12T21:57:25.166323", "level": "INFO", "action": "http_request", "target": "https://trust.doordash.com/?itemUid=b05bcec1-da7e-4885-9603-a39fd73a1cdc&source=click", "details": {"method": "GET", "status_code": 0}}
{"timestamp": "2026-03-12T21:57:25.286045", "level": "INFO", "action": "http_request", "target": "https://trust.doordash.com/?itemUid=b05bcec1-da7e-4885-9603-a39fd73a1cdc&source=click", "details": {"method": "GET", "status_code": 0}}
{"timestamp": "2026-03-12T21:57:25.407611", "level": "INFO", "action": "http_request", "target": "https://trust.doordash.com/?itemUid=b05bcec1-da7e-4885-9603-a39fd73a1cdc&source=click", "details": {"method": "GET", "status_code": 0}}
{"timestamp": "2026-03-12T21:57:25.541640", "level": "INFO", "action": "http_request", "target": "https://trust.doordash.com/?itemUid=f8feb4d4-b79d-47f3-9dd7-06c479a49dfe&source=click", "details": {"method": "GET", "status_code": 0}}
{"timestamp": "2026-03-12T21:57:25.670458", "level": "INFO", "action": "http_request", "target": "https://trust.doordash.com/?itemUid=f8feb4d4-b79d-47f3-9dd7-06c479a49dfe&source=click", "details": {"method": "GET", "status_code": 0}}
{"timestamp": "2026-03-12T21:57:25.792766", "level": "INFO", "action": "http_request", "target": "https://trust.doordash.com/?itemUid=f8feb4d4-b79d-47f3-9dd7-06c479a49dfe&source=click", "details": {"method": "GET", "status_code": 0}}
{"timestamp": "2026-03-12T21:57:25.922662", "level": "INFO", "action": "http_request", "target": "https://trust.doordash.com/?itemName=infrastructure&source=click", "details": {"method": "GET", "status_code": 0}}
{"timestamp": "2026-03-12T21:57:26.061208", "level": "INFO", "action": "http_request", "target": "https://trust.doordash.com/?itemName=infrastructure&source=click", "details": {"method": "GET", "status_code": 0}}
{"timestamp": "2026-03-12T21:57:26.202499", "level": "INFO", "action": "http_request", "target": "https://trust.doordash.com/?itemName=infrastructure&source=click", "details": {"method": "GET", "status_code": 0}}
{"timestamp": "2026-03-12T21:57:26.326240", "level": "INFO", "action": "http_request", "target": "https://trust.doordash.com/?itemUid=f4951085-df2e-4fac-9d43-60b796478b2e&source=click", "details": {"method": "GET", "status_code": 0}}
{"timestamp": "2026-03-12T21:57:26.484270", "level": "INFO", "action": "http_request", "target": "https://trust.doordash.com/?itemUid=f4951085-df2e-4fac-9d43-60b796478b2e&source=click", "details": {"method": "GET", "status_code": 0}}
{"timestamp": "2026-03-12T21:57:26.595856", "level": "INFO", "action": "http_request", "target": "https://trust.doordash.com/?itemUid=f4951085-df2e-4fac-9d43-60b796478b2e&source=click", "details": {"method": "GET", "status_code": 0}}
{"timestamp": "2026-03-12T21:57:26.720877", "level": "INFO", "action": "http_request", "target": "https://trust.doordash.com/?itemUid=a5bb6b4d-c23b-4d4f-9da1-bedf5dc74ff5&source=click", "details": {"method": "GET", "status_code": 0}}
{"timestamp": "2026-03-12T21:57:26.861538", "level": "INFO", "action": "http_request", "target": "https://trust.doordash.com/?itemUid=a5bb6b4d-c23b-4d4f-9da1-bedf5dc74ff5&source=click", "details": {"method": "GET", "status_code": 0}}
{"timestamp": "2026-03-12T21:57:26.997796", "level": "INFO", "action": "http_request", "target": "https://trust.doordash.com/?itemUid=a5bb6b4d-c23b-4d4f-9da1-bedf5dc74ff5&source=click", "details": {"method": "GET", "status_code": 0}}
{"timestamp": "2026-03-12T21:57:27.185670", "level": "INFO", "action": "http_request", "target": "http://trust.doordash.com/?itemUid=7103fdad-d6ac-45f6-b28d-e71f32884b7f&source=click", "details": {"method": "GET", "status_code": 0}}
{"timestamp": "2026-03-12T21:57:27.268755", "level": "INFO", "action": "http_request", "target": "http://trust.doordash.com/?itemUid=7103fdad-d6ac-45f6-b28d-e71f32884b7f&source=click", "details": {"method": "GET", "status_code": 0}}
{"timestamp": "2026-03-12T21:57:27.315213", "level": "INFO", "action": "http_request", "target": "http://trust.doordash.com/?itemUid=7103fdad-d6ac-45f6-b28d-e71f32884b7f&source=click", "details": {"method": "GET", "status_code": 0}}
{"timestamp": "2026-03-12T21:57:27.364800", "level": "INFO", "action": "http_request", "target": "http://trust.doordash.com/?itemUid=f85f1bda-27f7-4b0a-8bea-16c7d6dbec6a&source=click", "details": {"method": "GET", "status_code": 0}}
{"timestamp": "2026-03-12T21:57:27.438077", "level": "INFO", "action": "http_request", "target": "http://trust.doordash.com/?itemUid=f85f1bda-27f7-4b0a-8bea-16c7d6dbec6a&source=click", "details": {"method": "GET", "status_code": 0}}
{"timestamp": "2026-03-12T21:57:27.492261", "level": "INFO", "action": "http_request", "target": "http://trust.doordash.com/?itemUid=f85f1bda-27f7-4b0a-8bea-16c7d6dbec6a&source=click", "details": {"method": "GET", "status_code": 0}}
{"timestamp": "2026-03-12T21:57:27.573055", "level": "INFO", "action": "http_request", "target": "http://trust.doordash.com/?itemUid=6dc2e33e-13b5-48d4-9a97-8a77b113542f&source=click", "details": {"method": "GET", "status_code": 0}}
{"timestamp": "2026-03-12T21:57:27.623981", "level": "INFO", "action": "http_request", "target": "http://trust.doordash.com/?itemUid=6dc2e33e-13b5-48d4-9a97-8a77b113542f&source=click", "details": {"method": "GET", "status_code": 0}}
{"timestamp": "2026-03-12T21:57:27.670876", "level": "INFO", "action": "http_request", "target": "http://trust.doordash.com/?itemUid=6dc2e33e-13b5-48d4-9a97-8a77b113542f&source=click", "details": {"method": "GET", "status_code": 0}}
{"timestamp": "2026-03-12T21:57:27.713421", "level": "INFO", "action": "http_request", "target": "http://trust.doordash.com/?itemUid=16ad7671-7fe3-4998-a1d1-9465f80c2921&source=click", "details": {"method": "GET", "status_code": 0}}
{"timestamp": "2026-03-12T21:57:27.771592", "level": "INFO", "action": "http_request", "target": "http://trust.doordash.com/?itemUid=16ad7671-7fe3-4998-a1d1-9465f80c2921&source=click", "details": {"method": "GET", "status_code": 0}}
{"timestamp": "2026-03-12T21:57:27.812697", "level": "INFO", "action": "http_request", "target": "http://trust.doordash.com/?itemUid=16ad7671-7fe3-4998-a1d1-9465f80c2921&source=click", "details": {"method": "GET", "status_code": 0}}
{"timestamp": "2026-03-12T21:57:27.869878", "level": "INFO", "action": "http_request", "target": "http://trust.doordash.com/?itemName=awareness_training&source=click", "details": {"method": "GET", "status_code": 0}}
{"timestamp": "2026-03-12T21:57:27.947226", "level": "INFO", "action": "http_request", "target": "http://trust.doordash.com/?itemName=awareness_training&source=click", "details": {"method": "GET", "status_code": 0}}
{"timestamp": "2026-03-12T21:57:28.000822", "level": "INFO", "action": "http_request", "target": "http://trust.doordash.com/?itemName=awareness_training&source=click", "details": {"method": "GET", "status_code": 0}}
{"timestamp": "2026-03-12T21:57:28.043019", "level": "INFO", "action": "http_request", "target": "http://trust.doordash.com/?itemUid=7c0aebfb-e311-4217-a09a-e7f5ae5975f6&source=click", "details": {"method": "GET", "status_code": 0}}
{"timestamp": "2026-03-12T21:57:28.104755", "level": "INFO", "action": "http_request", "target": "http://trust.doordash.com/?itemUid=7c0aebfb-e311-4217-a09a-e7f5ae5975f6&source=click", "details": {"method": "GET", "status_code": 0}}
{"timestamp": "2026-03-12T21:57:28.150661", "level": "INFO", "action": "http_request", "target": "http://trust.doordash.com/?itemUid=7c0aebfb-e311-4217-a09a-e7f5ae5975f6&source=click", "details": {"method": "GET", "status_code": 0}}
{"timestamp": "2026-03-12T21:57:28.199580", "level": "INFO", "action": "http_request", "target": "http://trust.doordash.com/?itemUid=f4951085-df2e-4fac-9d43-60b796478b2e&source=click", "details": {"method": "GET", "status_code": 0}}
{"timestamp": "2026-03-12T21:57:28.282772", "level": "INFO", "action": "http_request", "target": "http://trust.doordash.com/?itemUid=f4951085-df2e-4fac-9d43-60b796478b2e&source=click", "details": {"method": "GET", "status_code": 0}}
{"timestamp": "2026-03-12T21:57:28.339785", "level": "INFO", "action": "http_request", "target": "http://trust.doordash.com/?itemUid=f4951085-df2e-4fac-9d43-60b796478b2e&source=click", "details": {"method": "GET", "status_code": 0}}
{"timestamp": "2026-03-12T21:57:28.389286", "level": "INFO", "action": "http_request", "target": "http://trust.doordash.com/?itemName=certifications&source=click", "details": {"method": "GET", "status_code": 0}}
{"timestamp": "2026-03-12T21:57:28.468763", "level": "INFO", "action": "http_request", "target": "http://trust.doordash.com/?itemName=certifications&source=click", "details": {"method": "GET", "status_code": 0}}
{"timestamp": "2026-03-12T21:57:28.519429", "level": "INFO", "action": "http_request", "target": "http://trust.doordash.com/?itemName=certifications&source=click", "details": {"method": "GET", "status_code": 0}}
{"timestamp": "2026-03-12T21:57:28.572680", "level": "INFO", "action": "http_request", "target": "http://trust.doordash.com/?itemUid=ac06c046-cc59-4183-8d6c-50ccc94bac65&source=click", "details": {"method": "GET", "status_code": 0}}
{"timestamp": "2026-03-12T21:57:28.662634", "level": "INFO", "action": "http_request", "target": "http://trust.doordash.com/?itemUid=ac06c046-cc59-4183-8d6c-50ccc94bac65&source=click", "details": {"method": "GET", "status_code": 0}}
{"timestamp": "2026-03-12T21:57:28.704656", "level": "INFO", "action": "http_request", "target": "http://trust.doordash.com/?itemUid=ac06c046-cc59-4183-8d6c-50ccc94bac65&source=click", "details": {"method": "GET", "status_code": 0}}
{"timestamp": "2026-03-12T21:57:28.745273", "level": "INFO", "action": "http_request", "target": "http://trust.doordash.com/?itemName=legal&source=click", "details": {"method": "GET", "status_code": 0}}
{"timestamp": "2026-03-12T21:57:28.837945", "level": "INFO", "action": "http_request", "target": "http://trust.doordash.com/?itemName=legal&source=click", "details": {"method": "GET", "status_code": 0}}
{"timestamp": "2026-03-12T21:57:28.887935", "level": "INFO", "action": "http_request", "target": "http://trust.doordash.com/?itemName=legal&source=click", "details": {"method": "GET", "status_code": 0}}
{"timestamp": "2026-03-12T21:57:28.929220", "level": "INFO", "action": "http_request", "target": "http://trust.doordash.com/?itemName=continuous_monitoring&source=click", "details": {"method": "GET", "status_code": 0}}
{"timestamp": "2026-03-12T21:57:29.008339", "level": "INFO", "action": "http_request", "target": "http://trust.doordash.com/?itemName=continuous_monitoring&source=click", "details": {"method": "GET", "status_code": 0}}
{"timestamp": "2026-03-12T21:57:29.051091", "level": "INFO", "action": "http_request", "target": "http://trust.doordash.com/?itemName=continuous_monitoring&source=click", "details": {"method": "GET", "status_code": 0}}
{"timestamp": "2026-03-12T21:57:29.091849", "level": "INFO", "action": "http_request", "target": "http://trust.doordash.com/?itemUid=b143d369-02e5-440f-9c9b-71f4a4634c45&source=click", "details": {"method": "GET", "status_code": 0}}
{"timestamp": "2026-03-12T21:57:29.175208", "level": "INFO", "action": "http_request", "target": "http://trust.doordash.com/?itemUid=b143d369-02e5-440f-9c9b-71f4a4634c45&source=click", "details": {"method": "GET", "status_code": 0}}
{"timestamp": "2026-03-12T21:57:29.242536", "level": "INFO", "action": "http_request", "target": "http://trust.doordash.com/?itemUid=b143d369-02e5-440f-9c9b-71f4a4634c45&source=click", "details": {"method": "GET", "status_code": 0}}
{"timestamp": "2026-03-12T21:57:29.307278", "level": "INFO", "action": "http_request", "target": "http://trust.doordash.com/?itemUid=b05bcec1-da7e-4885-9603-a39fd73a1cdc&source=click", "details": {"method": "GET", "status_code": 0}}
{"timestamp": "2026-03-12T21:57:29.374771", "level": "INFO", "action": "http_request", "target": "http://trust.doordash.com/?itemUid=b05bcec1-da7e-4885-9603-a39fd73a1cdc&source=click", "details": {"method": "GET", "status_code": 0}}
{"timestamp": "2026-03-12T21:57:29.415353", "level": "INFO", "action": "http_request", "target": "http://trust.doordash.com/?itemUid=b05bcec1-da7e-4885-9603-a39fd73a1cdc&source=click", "details": {"method": "GET", "status_code": 0}}
{"timestamp": "2026-03-12T21:57:29.457818", "level": "INFO", "action": "http_request", "target": "http://trust.doordash.com/?itemUid=fa950d02-cbb3-4010-b917-7137a7c2a982&source=click", "details": {"method": "GET", "status_code": 0}}
{"timestamp": "2026-03-12T21:57:29.535938", "level": "INFO", "action": "http_request", "target": "http://trust.doordash.com/?itemUid=fa950d02-cbb3-4010-b917-7137a7c2a982&source=click", "details": {"method": "GET", "status_code": 0}}
{"timestamp": "2026-03-12T21:57:29.581782", "level": "INFO", "action": "http_request", "target": "http://trust.doordash.com/?itemUid=fa950d02-cbb3-4010-b917-7137a7c2a982&source=click", "details": {"method": "GET", "status_code": 0}}
{"timestamp": "2026-03-12T21:57:29.624893", "level": "INFO", "action": "http_request", "target": "http://trust.doordash.com/?itemUid=ed9ba78d-8785-4345-9252-deb96405dd03&source=click", "details": {"method": "GET", "status_code": 0}}
{"timestamp": "2026-03-12T21:57:29.717318", "level": "INFO", "action": "http_request", "target": "http://trust.doordash.com/?itemUid=ed9ba78d-8785-4345-9252-deb96405dd03&source=click", "details": {"method": "GET", "status_code": 0}}
{"timestamp": "2026-03-12T21:57:29.760731", "level": "INFO", "action": "http_request", "target": "http://trust.doordash.com/?itemUid=ed9ba78d-8785-4345-9252-deb96405dd03&source=click", "details": {"method": "GET", "status_code": 0}}
{"timestamp": "2026-03-12T21:57:29.810916", "level": "INFO", "action": "http_request", "target": "http://trust.doordash.com/?itemName=overview&source=click", "details": {"method": "GET", "status_code": 0}}
{"timestamp": "2026-03-12T21:57:29.889640", "level": "INFO", "action": "http_request", "target": "http://trust.doordash.com/?itemName=overview&source=click", "details": {"method": "GET", "status_code": 0}}
{"timestamp": "2026-03-12T21:57:29.933198", "level": "INFO", "action": "http_request", "target": "http://trust.doordash.com/?itemName=overview&source=click", "details": {"method": "GET", "status_code": 0}}
{"timestamp": "2026-03-12T21:57:29.992120", "level": "INFO", "action": "http_request", "target": "http://trust.doordash.com/?itemName=data_privacy&source=click", "details": {"method": "GET", "status_code": 0}}
{"timestamp": "2026-03-12T21:57:30.036049", "level": "INFO", "action": "http_request", "target": "http://trust.doordash.com/?itemName=data_privacy&source=click", "details": {"method": "GET", "status_code": 0}}
{"timestamp": "2026-03-12T21:57:30.100837", "level": "INFO", "action": "http_request", "target": "http://trust.doordash.com/?itemName=data_privacy&source=click", "details": {"method": "GET", "status_code": 0}}
{"timestamp": "2026-03-12T21:57:30.155785", "level": "INFO", "action": "http_request", "target": "http://trust.doordash.com/?itemUid=e5cdb67b-323e-48d7-8174-f224016ba690&source=click", "details": {"method": "GET", "status_code": 0}}
{"timestamp": "2026-03-12T21:57:30.219285", "level": "INFO", "action": "http_request", "target": "http://trust.doordash.com/?itemUid=e5cdb67b-323e-48d7-8174-f224016ba690&source=click", "details": {"method": "GET", "status_code": 0}}
{"timestamp": "2026-03-12T21:57:30.284896", "level": "INFO", "action": "http_request", "target": "http://trust.doordash.com/?itemUid=e5cdb67b-323e-48d7-8174-f224016ba690&source=click", "details": {"method": "GET", "status_code": 0}}
{"timestamp": "2026-03-12T21:57:30.333918", "level": "INFO", "action": "http_request", "target": "http://trust.doordash.com/?itemUid=f125d689-2555-4f6e-b9f3-8136731c8b63&source=click", "details": {"method": "GET", "status_code": 0}}
{"timestamp": "2026-03-12T21:57:30.399337", "level": "INFO", "action": "http_request", "target": "http://trust.doordash.com/?itemUid=f125d689-2555-4f6e-b9f3-8136731c8b63&source=click", "details": {"method": "GET", "status_code": 0}}
{"timestamp": "2026-03-12T21:57:30.458344", "level": "INFO", "action": "http_request", "target": "http://trust.doordash.com/?itemUid=f125d689-2555-4f6e-b9f3-8136731c8b63&source=click", "details": {"method": "GET", "status_code": 0}}
{"timestamp": "2026-03-12T21:57:30.500555", "level": "INFO", "action": "http_request", "target": "http://trust.doordash.com/?itemUid=fa7a4923-3f51-431c-9eb6-3f88989ea858&source=click", "details": {"method": "GET", "status_code": 0}}
{"timestamp": "2026-03-12T21:57:30.582373", "level": "INFO", "action": "http_request", "target": "http://trust.doordash.com/?itemUid=fa7a4923-3f51-431c-9eb6-3f88989ea858&source=click", "details": {"method": "GET", "status_code": 0}}
{"timestamp": "2026-03-12T21:57:30.646059", "level": "INFO", "action": "http_request", "target": "http://trust.doordash.com/?itemUid=fa7a4923-3f51-431c-9eb6-3f88989ea858&source=click", "details": {"method": "GET", "status_code": 0}}
{"timestamp": "2026-03-12T21:57:30.696882", "level": "INFO", "action": "http_request", "target": "http://trust.doordash.com/?itemName=network_security&source=click", "details": {"method": "GET", "status_code": 0}}
{"timestamp": "2026-03-12T21:57:30.761450", "level": "INFO", "action": "http_request", "target": "http://trust.doordash.com/?itemName=network_security&source=click", "details": {"method": "GET", "status_code": 0}}
{"timestamp": "2026-03-12T21:57:30.820722", "level": "INFO", "action": "http_request", "target": "http://trust.doordash.com/?itemName=network_security&source=click", "details": {"method": "GET", "status_code": 0}}
{"timestamp": "2026-03-12T21:57:30.877342", "level": "INFO", "action": "http_request", "target": "http://trust.doordash.com/?itemUid=32eec9be-96dd-4e45-bd70-48ded2e2ca92&source=click", "details": {"method": "GET", "status_code": 0}}
{"timestamp": "2026-03-12T21:57:30.936532", "level": "INFO", "action": "http_request", "target": "http://trust.doordash.com/?itemUid=32eec9be-96dd-4e45-bd70-48ded2e2ca92&source=click", "details": {"method": "GET", "status_code": 0}}
{"timestamp": "2026-03-12T21:57:31.019066", "level": "INFO", "action": "http_request", "target": "http://trust.doordash.com/?itemUid=32eec9be-96dd-4e45-bd70-48ded2e2ca92&source=click", "details": {"method": "GET", "status_code": 0}}
{"timestamp": "2026-03-12T21:57:31.066905", "level": "INFO", "action": "http_request", "target": "http://trust.doordash.com/?itemUid=4172d827-b055-4117-a2dc-7b0746d7afd0&source=click", "details": {"method": "GET", "status_code": 0}}
{"timestamp": "2026-03-12T21:57:31.108348", "level": "INFO", "action": "http_request", "target": "http://trust.doordash.com/?itemUid=4172d827-b055-4117-a2dc-7b0746d7afd0&source=click", "details": {"method": "GET", "status_code": 0}}
{"timestamp": "2026-03-12T21:57:31.159968", "level": "INFO", "action": "http_request", "target": "http://trust.doordash.com/?itemUid=4172d827-b055-4117-a2dc-7b0746d7afd0&source=click", "details": {"method": "GET", "status_code": 0}}
{"timestamp": "2026-03-12T21:57:31.209854", "level": "INFO", "action": "http_request", "target": "http://trust.doordash.com/?itemUid=f737ac65-fa6f-4918-954d-afefcc446461&source=click", "details": {"method": "GET", "status_code": 0}}
{"timestamp": "2026-03-12T21:57:31.264464", "level": "INFO", "action": "http_request", "target": "http://trust.doordash.com/?itemUid=f737ac65-fa6f-4918-954d-afefcc446461&source=click", "details": {"method": "GET", "status_code": 0}}
{"timestamp": "2026-03-12T21:57:31.321870", "level": "INFO", "action": "http_request", "target": "http://trust.doordash.com/?itemUid=f737ac65-fa6f-4918-954d-afefcc446461&source=click", "details": {"method": "GET", "status_code": 0}}
{"timestamp": "2026-03-12T21:57:31.370242", "level": "INFO", "action": "http_request", "target": "http://trust.doordash.com/?itemUid=d56fb55e-26a4-416e-8f03-07501491002f&source=click", "details": {"method": "GET", "status_code": 0}}
{"timestamp": "2026-03-12T21:57:31.415552", "level": "INFO", "action": "http_request", "target": "http://trust.doordash.com/?itemUid=d56fb55e-26a4-416e-8f03-07501491002f&source=click", "details": {"method": "GET", "status_code": 0}}
{"timestamp": "2026-03-12T21:57:31.479610", "level": "INFO", "action": "http_request", "target": "http://trust.doordash.com/?itemUid=d56fb55e-26a4-416e-8f03-07501491002f&source=click", "details": {"method": "GET", "status_code": 0}}
{"timestamp": "2026-03-12T21:57:31.557132", "level": "INFO", "action": "http_request", "target": "http://trust.doordash.com/?itemUid=ef59d54a-f9f5-4093-91fb-b08582fb49de&source=click", "details": {"method": "GET", "status_code": 0}}
{"timestamp": "2026-03-12T21:57:31.659946", "level": "INFO", "action": "http_request", "target": "http://trust.doordash.com/?itemUid=ef59d54a-f9f5-4093-91fb-b08582fb49de&source=click", "details": {"method": "GET", "status_code": 0}}
{"timestamp": "2026-03-12T21:57:31.762444", "level": "INFO", "action": "http_request", "target": "http://trust.doordash.com/?itemUid=ef59d54a-f9f5-4093-91fb-b08582fb49de&source=click", "details": {"method": "GET", "status_code": 0}}
{"timestamp": "2026-03-12T21:57:31.803836", "level": "INFO", "action": "http_request", "target": "http://trust.doordash.com/?itemUid=53e1508c-665e-45a8-9ce0-03fdf9ae1efb&source=click", "details": {"method": "GET", "status_code": 0}}
{"timestamp": "2026-03-12T21:57:31.853361", "level": "INFO", "action": "http_request", "target": "http://trust.doordash.com/?itemUid=53e1508c-665e-45a8-9ce0-03fdf9ae1efb&source=click", "details": {"method": "GET", "status_code": 0}}
{"timestamp": "2026-03-12T21:57:31.913645", "level": "INFO", "action": "http_request", "target": "http://trust.doordash.com/?itemUid=53e1508c-665e-45a8-9ce0-03fdf9ae1efb&source=click", "details": {"method": "GET", "status_code": 0}}
{"timestamp": "2026-03-12T21:57:31.966838", "level": "INFO", "action": "http_request", "target": "http://trust.doordash.com/?itemUid=54c8c787-c7f7-4e06-9658-6434ef912512&source=click", "details": {"method": "GET", "status_code": 0}}
{"timestamp": "2026-03-12T21:57:32.015924", "level": "INFO", "action": "http_request", "target": "http://trust.doordash.com/?itemUid=54c8c787-c7f7-4e06-9658-6434ef912512&source=click", "details": {"method": "GET", "status_code": 0}}
{"timestamp": "2026-03-12T21:57:32.059162", "level": "INFO", "action": "http_request", "target": "http://trust.doordash.com/?itemUid=54c8c787-c7f7-4e06-9658-6434ef912512&source=click", "details": {"method": "GET", "status_code": 0}}
{"timestamp": "2026-03-12T21:57:32.101656", "level": "INFO", "action": "http_request", "target": "http://trust.doordash.com/?itemName=environment_social_governance&source=click", "details": {"method": "GET", "status_code": 0}}
{"timestamp": "2026-03-12T21:57:32.169399", "level": "INFO", "action": "http_request", "target": "http://trust.doordash.com/?itemName=environment_social_governance&source=click", "details": {"method": "GET", "status_code": 0}}
{"timestamp": "2026-03-12T21:57:32.207260", "level": "INFO", "action": "http_request", "target": "http://trust.doordash.com/?itemName=environment_social_governance&source=click", "details": {"method": "GET", "status_code": 0}}
{"timestamp": "2026-03-12T21:57:32.303329", "level": "INFO", "action": "http_request", "target": "http://trust.doordash.com/?itemUid=7d194d9c-c3e3-4638-acb4-e313c1683c29&source=click", "details": {"method": "GET", "status_code": 0}}
{"timestamp": "2026-03-12T21:57:32.350361", "level": "INFO", "action": "http_request", "target": "http://trust.doordash.com/?itemUid=7d194d9c-c3e3-4638-acb4-e313c1683c29&source=click", "details": {"method": "GET", "status_code": 0}}
{"timestamp": "2026-03-12T21:57:32.397764", "level": "INFO", "action": "http_request", "target": "http://trust.doordash.com/?itemUid=7d194d9c-c3e3-4638-acb4-e313c1683c29&source=click", "details": {"method": "GET", "status_code": 0}}
{"timestamp": "2026-03-12T21:57:32.449934", "level": "INFO", "action": "http_request", "target": "http://trust.doordash.com/?itemUid=979071a1-db25-43f3-a8e2-31cefc7329cd&source=click", "details": {"method": "GET", "status_code": 0}}
{"timestamp": "2026-03-12T21:57:32.510073", "level": "INFO", "action": "http_request", "target": "http://trust.doordash.com/?itemUid=979071a1-db25-43f3-a8e2-31cefc7329cd&source=click", "details": {"method": "GET", "status_code": 0}}
{"timestamp": "2026-03-12T21:57:32.558432", "level": "INFO", "action": "http_request", "target": "http://trust.doordash.com/?itemUid=979071a1-db25-43f3-a8e2-31cefc7329cd&source=click", "details": {"method": "GET", "status_code": 0}}
{"timestamp": "2026-03-12T21:57:32.607864", "level": "INFO", "action": "http_request", "target": "http://trust.doordash.com/?itemUid=6a6c21a3-9441-4222-953e-fa6d17a8c5a4&source=click", "details": {"method": "GET", "status_code": 0}}
{"timestamp": "2026-03-12T21:57:32.662036", "level": "INFO", "action": "http_request", "target": "http://trust.doordash.com/?itemUid=6a6c21a3-9441-4222-953e-fa6d17a8c5a4&source=click", "details": {"method": "GET", "status_code": 0}}
{"timestamp": "2026-03-12T21:57:32.734295", "level": "INFO", "action": "http_request", "target": "http://trust.doordash.com/?itemUid=6a6c21a3-9441-4222-953e-fa6d17a8c5a4&source=click", "details": {"method": "GET", "status_code": 0}}
{"timestamp": "2026-03-12T21:57:32.803987", "level": "INFO", "action": "http_request", "target": "http://trust.doordash.com/?itemUid=747f7d10-7a80-45cd-99ca-49893533817c&source=click", "details": {"method": "GET", "status_code": 0}}
{"timestamp": "2026-03-12T21:57:32.888759", "level": "INFO", "action": "http_request", "target": "http://trust.doordash.com/?itemUid=747f7d10-7a80-45cd-99ca-49893533817c&source=click", "details": {"method": "GET", "status_code": 0}}
{"timestamp": "2026-03-12T21:57:32.941485", "level": "INFO", "action": "http_request", "target": "http://trust.doordash.com/?itemUid=747f7d10-7a80-45cd-99ca-49893533817c&source=click", "details": {"method": "GET", "status_code": 0}}
{"timestamp": "2026-03-12T21:57:32.990279", "level": "INFO", "action": "http_request", "target": "http://trust.doordash.com/?itemName=endpoint_security&source=click", "details": {"method": "GET", "status_code": 0}}
{"timestamp": "2026-03-12T21:57:33.061919", "level": "INFO", "action": "http_request", "target": "http://trust.doordash.com/?itemName=endpoint_security&source=click", "details": {"method": "GET", "status_code": 0}}
{"timestamp": "2026-03-12T21:57:33.117800", "level": "INFO", "action": "http_request", "target": "http://trust.doordash.com/?itemName=endpoint_security&source=click", "details": {"method": "GET", "status_code": 0}}
{"timestamp": "2026-03-12T21:57:33.162634", "level": "INFO", "action": "http_request", "target": "http://trust.doordash.com/?itemUid=8ec2e517-1250-4403-bd79-49e1151028b6&source=click", "details": {"method": "GET", "status_code": 0}}
{"timestamp": "2026-03-12T21:57:33.245333", "level": "INFO", "action": "http_request", "target": "http://trust.doordash.com/?itemUid=8ec2e517-1250-4403-bd79-49e1151028b6&source=click", "details": {"method": "GET", "status_code": 0}}
{"timestamp": "2026-03-12T21:57:33.299094", "level": "INFO", "action": "http_request", "target": "http://trust.doordash.com/?itemUid=8ec2e517-1250-4403-bd79-49e1151028b6&source=click", "details": {"method": "GET", "status_code": 0}}
{"timestamp": "2026-03-12T21:57:33.349165", "level": "INFO", "action": "http_request", "target": "http://trust.doordash.com/?itemUid=26115955-6428-446a-b597-1079bfb40357&source=click", "details": {"method": "GET", "status_code": 0}}
{"timestamp": "2026-03-12T21:57:33.392274", "level": "INFO", "action": "http_request", "target": "http://trust.doordash.com/?itemUid=26115955-6428-446a-b597-1079bfb40357&source=click", "details": {"method": "GET", "status_code": 0}}
{"timestamp": "2026-03-12T21:57:33.452981", "level": "INFO", "action": "http_request", "target": "http://trust.doordash.com/?itemUid=26115955-6428-446a-b597-1079bfb40357&source=click", "details": {"method": "GET", "status_code": 0}}
{"timestamp": "2026-03-12T21:57:33.505682", "level": "INFO", "action": "http_request", "target": "http://trust.doordash.com/?itemUid=a20d3390-7b3b-47ea-970f-4fd56770a621&source=click", "details": {"method": "GET", "status_code": 0}}
{"timestamp": "2026-03-12T21:57:33.554734", "level": "INFO", "action": "http_request", "target": "http://trust.doordash.com/?itemUid=a20d3390-7b3b-47ea-970f-4fd56770a621&source=click", "details": {"method": "GET", "status_code": 0}}
{"timestamp": "2026-03-12T21:57:33.624427", "level": "INFO", "action": "http_request", "target": "http://trust.doordash.com/?itemUid=a20d3390-7b3b-47ea-970f-4fd56770a621&source=click", "details": {"method": "GET", "status_code": 0}}
{"timestamp": "2026-03-12T21:57:33.666302", "level": "INFO", "action": "http_request", "target": "http://trust.doordash.com/?itemName=access_control&source=click", "details": {"method": "GET", "status_code": 0}}
{"timestamp": "2026-03-12T21:57:33.759091", "level": "INFO", "action": "http_request", "target": "http://trust.doordash.com/?itemName=access_control&source=click", "details": {"method": "GET", "status_code": 0}}
{"timestamp": "2026-03-12T21:57:33.813792", "level": "INFO", "action": "http_request", "target": "http://trust.doordash.com/?itemName=access_control&source=click", "details": {"method": "GET", "status_code": 0}}
{"timestamp": "2026-03-12T21:57:33.881313", "level": "INFO", "action": "http_request", "target": "http://trust.doordash.com/?itemUid=98c0e7d7-4916-4bdc-8f2a-519ef2a315f6&source=click", "details": {"method": "GET", "status_code": 0}}
{"timestamp": "2026-03-12T21:57:33.940898", "level": "INFO", "action": "http_request", "target": "http://trust.doordash.com/?itemUid=98c0e7d7-4916-4bdc-8f2a-519ef2a315f6&source=click", "details": {"method": "GET", "status_code": 0}}
{"timestamp": "2026-03-12T21:57:33.979789", "level": "INFO", "action": "http_request", "target": "http://trust.doordash.com/?itemUid=98c0e7d7-4916-4bdc-8f2a-519ef2a315f6&source=click", "details": {"method": "GET", "status_code": 0}}
{"timestamp": "2026-03-12T21:57:34.019444", "level": "INFO", "action": "http_request", "target": "http://trust.doordash.com/?itemName=product_features&source=click", "details": {"method": "GET", "status_code": 0}}
{"timestamp": "2026-03-12T21:57:34.097873", "level": "INFO", "action": "http_request", "target": "http://trust.doordash.com/?itemName=product_features&source=click", "details": {"method": "GET", "status_code": 0}}
{"timestamp": "2026-03-12T21:57:34.141062", "level": "INFO", "action": "http_request", "target": "http://trust.doordash.com/?itemName=product_features&source=click", "details": {"method": "GET", "status_code": 0}}
{"timestamp": "2026-03-12T21:57:34.186651", "level": "INFO", "action": "http_request", "target": "http://trust.doordash.com/?itemUid=d04f3376-ffef-40fd-badb-d9b4d9e6b8ab&source=click", "details": {"method": "GET", "status_code": 0}}
{"timestamp": "2026-03-12T21:57:34.270482", "level": "INFO", "action": "http_request", "target": "http://trust.doordash.com/?itemUid=d04f3376-ffef-40fd-badb-d9b4d9e6b8ab&source=click", "details": {"method": "GET", "status_code": 0}}
{"timestamp": "2026-03-12T21:57:34.371326", "level": "INFO", "action": "http_request", "target": "http://trust.doordash.com/?itemUid=d04f3376-ffef-40fd-badb-d9b4d9e6b8ab&source=click", "details": {"method": "GET", "status_code": 0}}
{"timestamp": "2026-03-12T21:57:34.473583", "level": "INFO", "action": "http_request", "target": "http://trust.doordash.com/?itemName=data_security&source=click", "details": {"method": "GET", "status_code": 0}}
{"timestamp": "2026-03-12T21:57:34.552670", "level": "INFO", "action": "http_request", "target": "http://trust.doordash.com/?itemName=data_security&source=click", "details": {"method": "GET", "status_code": 0}}
{"timestamp": "2026-03-12T21:57:34.613811", "level": "INFO", "action": "http_request", "target": "http://trust.doordash.com/?itemName=data_security&source=click", "details": {"method": "GET", "status_code": 0}}
{"timestamp": "2026-03-12T21:57:34.678943", "level": "INFO", "action": "http_request", "target": "http://trust.doordash.com/?itemUid=0d553957-8301-444e-a66f-3a7715270242&source=click", "details": {"method": "GET", "status_code": 0}}
{"timestamp": "2026-03-12T21:57:34.764074", "level": "INFO", "action": "http_request", "target": "http://trust.doordash.com/?itemUid=0d553957-8301-444e-a66f-3a7715270242&source=click", "details": {"method": "GET", "status_code": 0}}
{"timestamp": "2026-03-12T21:57:34.802794", "level": "INFO", "action": "http_request", "target": "http://trust.doordash.com/?itemUid=0d553957-8301-444e-a66f-3a7715270242&source=click", "details": {"method": "GET", "status_code": 0}}
{"timestamp": "2026-03-12T21:57:34.852846", "level": "INFO", "action": "http_request", "target": "http://trust.doordash.com/?itemUid=7a625484-99c8-4ad3-ad48-caca1a804d48&source=click", "details": {"method": "GET", "status_code": 0}}
{"timestamp": "2026-03-12T21:57:34.934838", "level": "INFO", "action": "http_request", "target": "http://trust.doordash.com/?itemUid=7a625484-99c8-4ad3-ad48-caca1a804d48&source=click", "details": {"method": "GET", "status_code": 0}}
{"timestamp": "2026-03-12T21:57:35.008924", "level": "INFO", "action": "http_request", "target": "http://trust.doordash.com/?itemUid=7a625484-99c8-4ad3-ad48-caca1a804d48&source=click", "details": {"method": "GET", "status_code": 0}}
{"timestamp": "2026-03-12T21:57:35.056245", "level": "INFO", "action": "http_request", "target": "http://trust.doordash.com/?itemUid=bd0c28e8-be7a-4556-9128-b67f8c66bc0f&source=click", "details": {"method": "GET", "status_code": 0}}
{"timestamp": "2026-03-12T21:57:35.100481", "level": "INFO", "action": "http_request", "target": "http://trust.doordash.com/?itemUid=bd0c28e8-be7a-4556-9128-b67f8c66bc0f&source=click", "details": {"method": "GET", "status_code": 0}}
{"timestamp": "2026-03-12T21:57:35.149992", "level": "INFO", "action": "http_request", "target": "http://trust.doordash.com/?itemUid=bd0c28e8-be7a-4556-9128-b67f8c66bc0f&source=click", "details": {"method": "GET", "status_code": 0}}
{"timestamp": "2026-03-12T21:57:35.243698", "level": "INFO", "action": "http_request", "target": "http://trust.doordash.com/?itemUid=80064615-c657-408c-8d94-2e5e96c4299e&source=click", "details": {"method": "GET", "status_code": 0}}
{"timestamp": "2026-03-12T21:57:35.286597", "level": "INFO", "action": "http_request", "target": "http://trust.doordash.com/?itemUid=80064615-c657-408c-8d94-2e5e96c4299e&source=click", "details": {"method": "GET", "status_code": 0}}
{"timestamp": "2026-03-12T21:57:35.365328", "level": "INFO", "action": "http_request", "target": "http://trust.doordash.com/?itemUid=80064615-c657-408c-8d94-2e5e96c4299e&source=click", "details": {"method": "GET", "status_code": 0}}
{"timestamp": "2026-03-12T21:57:35.410237", "level": "INFO", "action": "http_request", "target": "http://trust.doordash.com/?itemUid=58b09eb8-4524-422f-b555-1538135ee61c&source=click", "details": {"method": "GET", "status_code": 0}}
{"timestamp": "2026-03-12T21:57:35.500342", "level": "INFO", "action": "http_request", "target": "http://trust.doordash.com/?itemUid=58b09eb8-4524-422f-b555-1538135ee61c&source=click", "details": {"method": "GET", "status_code": 0}}
{"timestamp": "2026-03-12T21:57:35.599792", "level": "INFO", "action": "http_request", "target": "http://trust.doordash.com/?itemUid=58b09eb8-4524-422f-b555-1538135ee61c&source=click", "details": {"method": "GET", "status_code": 0}}
{"timestamp": "2026-03-12T21:57:35.651633", "level": "INFO", "action": "http_request", "target": "http://trust.doordash.com/?itemUid=ead4f497-ffd6-4d72-a43c-ddfb660f82e9&source=click", "details": {"method": "GET", "status_code": 0}}
{"timestamp": "2026-03-12T21:57:35.693078", "level": "INFO", "action": "http_request", "target": "http://trust.doordash.com/?itemUid=ead4f497-ffd6-4d72-a43c-ddfb660f82e9&source=click", "details": {"method": "GET", "status_code": 0}}
{"timestamp": "2026-03-12T21:57:35.732056", "level": "INFO", "action": "http_request", "target": "http://trust.doordash.com/?itemUid=ead4f497-ffd6-4d72-a43c-ddfb660f82e9&source=click", "details": {"method": "GET", "status_code": 0}}
{"timestamp": "2026-03-12T21:57:35.804507", "level": "INFO", "action": "http_request", "target": "http://trust.doordash.com/?itemUid=147352fe-d963-4366-a838-7aae817ce083&source=click", "details": {"method": "GET", "status_code": 0}}
{"timestamp": "2026-03-12T21:57:35.885560", "level": "INFO", "action": "http_request", "target": "http://trust.doordash.com/?itemUid=147352fe-d963-4366-a838-7aae817ce083&source=click", "details": {"method": "GET", "status_code": 0}}
{"timestamp": "2026-03-12T21:57:35.927851", "level": "INFO", "action": "http_request", "target": "http://trust.doordash.com/?itemUid=147352fe-d963-4366-a838-7aae817ce083&source=click", "details": {"method": "GET", "status_code": 0}}
{"timestamp": "2026-03-12T21:57:35.972755", "level": "INFO", "action": "http_request", "target": "http://trust.doordash.com/?itemName=policies&source=click", "details": {"method": "GET", "status_code": 0}}
{"timestamp": "2026-03-12T21:57:36.022250", "level": "INFO", "action": "http_request", "target": "http://trust.doordash.com/?itemName=policies&source=click", "details": {"method": "GET", "status_code": 0}}
{"timestamp": "2026-03-12T21:57:36.069866", "level": "INFO", "action": "http_request", "target": "http://trust.doordash.com/?itemName=policies&source=click", "details": {"method": "GET", "status_code": 0}}
{"timestamp": "2026-03-12T21:57:36.110854", "level": "INFO", "action": "http_request", "target": "http://trust.doordash.com/?itemUid=38b62117-19f2-4e4e-b679-9421b66c114e&source=click", "details": {"method": "GET", "status_code": 0}}
{"timestamp": "2026-03-12T21:57:36.165452", "level": "INFO", "action": "http_request", "target": "http://trust.doordash.com/?itemUid=38b62117-19f2-4e4e-b679-9421b66c114e&source=click", "details": {"method": "GET", "status_code": 0}}
{"timestamp": "2026-03-12T21:57:36.267533", "level": "INFO", "action": "http_request", "target": "http://trust.doordash.com/?itemUid=38b62117-19f2-4e4e-b679-9421b66c114e&source=click", "details": {"method": "GET", "status_code": 0}}
{"timestamp": "2026-03-12T21:57:36.326040", "level": "INFO", "action": "http_request", "target": "http://trust.doordash.com/?itemUid=82bfe5ad-1b71-455d-98c3-8dc70c033318&source=click", "details": {"method": "GET", "status_code": 0}}
{"timestamp": "2026-03-12T21:57:36.421586", "level": "INFO", "action": "http_request", "target": "http://trust.doordash.com/?itemUid=82bfe5ad-1b71-455d-98c3-8dc70c033318&source=click", "details": {"method": "GET", "status_code": 0}}
{"timestamp": "2026-03-12T21:57:36.472517", "level": "INFO", "action": "http_request", "target": "http://trust.doordash.com/?itemUid=82bfe5ad-1b71-455d-98c3-8dc70c033318&source=click", "details": {"method": "GET", "status_code": 0}}
{"timestamp": "2026-03-12T21:57:36.545510", "level": "INFO", "action": "http_request", "target": "http://trust.doordash.com/?itemName=risk_management&source=click", "details": {"method": "GET", "status_code": 0}}
{"timestamp": "2026-03-12T21:57:36.623924", "level": "INFO", "action": "http_request", "target": "http://trust.doordash.com/?itemName=risk_management&source=click", "details": {"method": "GET", "status_code": 0}}
{"timestamp": "2026-03-12T21:57:36.665847", "level": "INFO", "action": "http_request", "target": "http://trust.doordash.com/?itemName=risk_management&source=click", "details": {"method": "GET", "status_code": 0}}
{"timestamp": "2026-03-12T21:57:36.710344", "level": "INFO", "action": "http_request", "target": "http://trust.doordash.com/?itemUid=1f0bd979-1753-4816-b548-b08c79caa697&source=click", "details": {"method": "GET", "status_code": 0}}
{"timestamp": "2026-03-12T21:57:36.754845", "level": "INFO", "action": "http_request", "target": "http://trust.doordash.com/?itemUid=1f0bd979-1753-4816-b548-b08c79caa697&source=click", "details": {"method": "GET", "status_code": 0}}
{"timestamp": "2026-03-12T21:57:36.797013", "level": "INFO", "action": "http_request", "target": "http://trust.doordash.com/?itemUid=1f0bd979-1753-4816-b548-b08c79caa697&source=click", "details": {"method": "GET", "status_code": 0}}
{"timestamp": "2026-03-12T21:57:36.881845", "level": "INFO", "action": "http_request", "target": "http://trust.doordash.com/?itemUid=725423a9-688a-458b-a3b5-04cb9972e735&source=click", "details": {"method": "GET", "status_code": 0}}
{"timestamp": "2026-03-12T21:57:36.942514", "level": "INFO", "action": "http_request", "target": "http://trust.doordash.com/?itemUid=725423a9-688a-458b-a3b5-04cb9972e735&source=click", "details": {"method": "GET", "status_code": 0}}
{"timestamp": "2026-03-12T21:57:36.985070", "level": "INFO", "action": "http_request", "target": "http://trust.doordash.com/?itemUid=725423a9-688a-458b-a3b5-04cb9972e735&source=click", "details": {"method": "GET", "status_code": 0}}
{"timestamp": "2026-03-12T21:57:37.035159", "level": "INFO", "action": "http_request", "target": "http://trust.doordash.com/?itemName=application_security&source=click", "details": {"method": "GET", "status_code": 0}}
{"timestamp": "2026-03-12T21:57:37.086507", "level": "INFO", "action": "http_request", "target": "http://trust.doordash.com/?itemName=application_security&source=click", "details": {"method": "GET", "status_code": 0}}
{"timestamp": "2026-03-12T21:57:37.188723", "level": "INFO", "action": "http_request", "target": "http://trust.doordash.com/?itemName=application_security&source=click", "details": {"method": "GET", "status_code": 0}}
{"timestamp": "2026-03-12T21:57:37.234605", "level": "INFO", "action": "http_request", "target": "http://trust.doordash.com/?itemUid=176a2871-a5a2-4c04-974f-d88be6486c55&source=click", "details": {"method": "GET", "status_code": 0}}
{"timestamp": "2026-03-12T21:57:37.302747", "level": "INFO", "action": "http_request", "target": "http://trust.doordash.com/?itemUid=176a2871-a5a2-4c04-974f-d88be6486c55&source=click", "details": {"method": "GET", "status_code": 0}}
{"timestamp": "2026-03-12T21:57:37.394721", "level": "INFO", "action": "http_request", "target": "http://trust.doordash.com/?itemUid=176a2871-a5a2-4c04-974f-d88be6486c55&source=click", "details": {"method": "GET", "status_code": 0}}
{"timestamp": "2026-03-12T21:57:37.437865", "level": "INFO", "action": "http_request", "target": "http://trust.doordash.com/?itemUid=af8eb7bc-d4b7-4e13-a4b7-6f05e2744c22&source=click", "details": {"method": "GET", "status_code": 0}}
{"timestamp": "2026-03-12T21:57:37.496521", "level": "INFO", "action": "http_request", "target": "http://trust.doordash.com/?itemUid=af8eb7bc-d4b7-4e13-a4b7-6f05e2744c22&source=click", "details": {"method": "GET", "status_code": 0}}
{"timestamp": "2026-03-12T21:57:37.570079", "level": "INFO", "action": "http_request", "target": "http://trust.doordash.com/?itemUid=af8eb7bc-d4b7-4e13-a4b7-6f05e2744c22&source=click", "details": {"method": "GET", "status_code": 0}}
{"timestamp": "2026-03-12T21:57:37.626954", "level": "INFO", "action": "http_request", "target": "http://trust.doordash.com/?itemUid=265b098e-73a7-488e-8055-0d376721033e&source=click", "details": {"method": "GET", "status_code": 0}}
{"timestamp": "2026-03-12T21:57:37.707328", "level": "INFO", "action": "http_request", "target": "http://trust.doordash.com/?itemUid=265b098e-73a7-488e-8055-0d376721033e&source=click", "details": {"method": "GET", "status_code": 0}}
{"timestamp": "2026-03-12T21:57:37.747393", "level": "INFO", "action": "http_request", "target": "http://trust.doordash.com/?itemUid=265b098e-73a7-488e-8055-0d376721033e&source=click", "details": {"method": "GET", "status_code": 0}}
{"timestamp": "2026-03-12T21:57:37.798005", "level": "INFO", "action": "http_request", "target": "https://trust.doordash.com/?itemName=product_features&source=click", "details": {"method": "GET", "status_code": 0}}
{"timestamp": "2026-03-12T21:57:37.914197", "level": "INFO", "action": "http_request", "target": "https://trust.doordash.com/?itemName=product_features&source=click", "details": {"method": "GET", "status_code": 0}}
{"timestamp": "2026-03-12T21:57:38.016310", "level": "INFO", "action": "http_request", "target": "https://trust.doordash.com/?itemName=product_features&source=click", "details": {"method": "GET", "status_code": 0}}
{"timestamp": "2026-03-12T21:57:38.181821", "level": "INFO", "action": "http_request", "target": "https://trust.doordash.com/?itemUid=f125d689-2555-4f6e-b9f3-8136731c8b63&source=click", "details": {"method": "GET", "status_code": 0}}
{"timestamp": "2026-03-12T21:57:38.332911", "level": "INFO", "action": "http_request", "target": "https://trust.doordash.com/?itemUid=f125d689-2555-4f6e-b9f3-8136731c8b63&source=click", "details": {"method": "GET", "status_code": 0}}
{"timestamp": "2026-03-12T21:57:38.466960", "level": "INFO", "action": "http_request", "target": "https://trust.doordash.com/?itemUid=f125d689-2555-4f6e-b9f3-8136731c8b63&source=click", "details": {"method": "GET", "status_code": 0}}
{"timestamp": "2026-03-12T21:57:38.613257", "level": "INFO", "action": "http_request", "target": "https://trust.doordash.com/?itemName=reports&source=click", "details": {"method": "GET", "status_code": 0}}
{"timestamp": "2026-03-12T21:57:38.722664", "level": "INFO", "action": "http_request", "target": "https://trust.doordash.com/?itemName=reports&source=click", "details": {"method": "GET", "status_code": 0}}
{"timestamp": "2026-03-12T21:57:38.892736", "level": "INFO", "action": "http_request", "target": "https://trust.doordash.com/?itemName=reports&source=click", "details": {"method": "GET", "status_code": 0}}
{"timestamp": "2026-03-12T21:57:39.012335", "level": "INFO", "action": "http_request", "target": "https://trust.doordash.com/?itemUid=53e1508c-665e-45a8-9ce0-03fdf9ae1efb&source=click", "details": {"method": "GET", "status_code": 0}}
{"timestamp": "2026-03-12T21:57:39.131978", "level": "INFO", "action": "http_request", "target": "https://trust.doordash.com/?itemUid=53e1508c-665e-45a8-9ce0-03fdf9ae1efb&source=click", "details": {"method": "GET", "status_code": 0}}
{"timestamp": "2026-03-12T21:57:39.275747", "level": "INFO", "action": "http_request", "target": "https://trust.doordash.com/?itemUid=53e1508c-665e-45a8-9ce0-03fdf9ae1efb&source=click", "details": {"method": "GET", "status_code": 0}}
{"timestamp": "2026-03-12T21:57:39.424627", "level": "INFO", "action": "http_request", "target": "https://trust.doordash.com/?itemUid=7103fdad-d6ac-45f6-b28d-e71f32884b7f&source=click", "details": {"method": "GET", "status_code": 0}}
{"timestamp": "2026-03-12T21:57:39.595844", "level": "INFO", "action": "http_request", "target": "https://trust.doordash.com/?itemUid=7103fdad-d6ac-45f6-b28d-e71f32884b7f&source=click", "details": {"method": "GET", "status_code": 0}}
{"timestamp": "2026-03-12T21:57:39.797777", "level": "INFO", "action": "http_request", "target": "https://trust.doordash.com/?itemUid=7103fdad-d6ac-45f6-b28d-e71f32884b7f&source=click", "details": {"method": "GET", "status_code": 0}}
{"timestamp": "2026-03-12T21:57:39.967267", "level": "INFO", "action": "http_request", "target": "https://trust.doordash.com/?itemUid=ead4f497-ffd6-4d72-a43c-ddfb660f82e9&source=click", "details": {"method": "GET", "status_code": 0}}
{"timestamp": "2026-03-12T21:57:40.149774", "level": "INFO", "action": "http_request", "target": "https://trust.doordash.com/?itemUid=ead4f497-ffd6-4d72-a43c-ddfb660f82e9&source=click", "details": {"method": "GET", "status_code": 0}}
{"timestamp": "2026-03-12T21:57:40.279452", "level": "INFO", "action": "http_request", "target": "https://trust.doordash.com/?itemUid=ead4f497-ffd6-4d72-a43c-ddfb660f82e9&source=click", "details": {"method": "GET", "status_code": 0}}
{"timestamp": "2026-03-12T21:57:40.437274", "level": "INFO", "action": "http_request", "target": "https://trust.doordash.com/?itemUid=8ec2e517-1250-4403-bd79-49e1151028b6&source=click", "details": {"method": "GET", "status_code": 0}}
{"timestamp": "2026-03-12T21:57:40.602317", "level": "INFO", "action": "http_request", "target": "https://trust.doordash.com/?itemUid=8ec2e517-1250-4403-bd79-49e1151028b6&source=click", "details": {"method": "GET", "status_code": 0}}
{"timestamp": "2026-03-12T21:57:40.810080", "level": "INFO", "action": "http_request", "target": "https://trust.doordash.com/?itemUid=8ec2e517-1250-4403-bd79-49e1151028b6&source=click", "details": {"method": "GET", "status_code": 0}}
{"timestamp": "2026-03-12T21:57:40.946861", "level": "INFO", "action": "http_request", "target": "https://trust.doordash.com/?itemUid=5eeb9c41-2fc0-4961-aafb-3ac64badd8e1&source=click", "details": {"method": "GET", "status_code": 0}}
{"timestamp": "2026-03-12T21:57:41.083355", "level": "INFO", "action": "http_request", "target": "https://trust.doordash.com/?itemUid=5eeb9c41-2fc0-4961-aafb-3ac64badd8e1&source=click", "details": {"method": "GET", "status_code": 0}}
{"timestamp": "2026-03-12T21:57:41.231927", "level": "INFO", "action": "http_request", "target": "https://trust.doordash.com/?itemUid=5eeb9c41-2fc0-4961-aafb-3ac64badd8e1&source=click", "details": {"method": "GET", "status_code": 0}}
{"timestamp": "2026-03-12T21:57:41.383894", "level": "INFO", "action": "http_request", "target": "https://trust.doordash.com/?itemUid=f737ac65-fa6f-4918-954d-afefcc446461&source=click", "details": {"method": "GET", "status_code": 0}}
{"timestamp": "2026-03-12T21:57:41.537467", "level": "INFO", "action": "http_request", "target": "https://trust.doordash.com/?itemUid=f737ac65-fa6f-4918-954d-afefcc446461&source=click", "details": {"method": "GET", "status_code": 0}}
{"timestamp": "2026-03-12T21:57:41.696967", "level": "INFO", "action": "http_request", "target": "https://trust.doordash.com/?itemUid=f737ac65-fa6f-4918-954d-afefcc446461&source=click", "details": {"method": "GET", "status_code": 0}}
{"timestamp": "2026-03-12T21:57:41.876427", "level": "INFO", "action": "http_request", "target": "https://trust.doordash.com/?itemUid=147352fe-d963-4366-a838-7aae817ce083&source=click", "details": {"method": "GET", "status_code": 0}}
{"timestamp": "2026-03-12T21:57:42.026797", "level": "INFO", "action": "http_request", "target": "https://trust.doordash.com/?itemUid=147352fe-d963-4366-a838-7aae817ce083&source=click", "details": {"method": "GET", "status_code": 0}}
{"timestamp": "2026-03-12T21:57:42.135959", "level": "INFO", "action": "http_request", "target": "https://trust.doordash.com/?itemUid=147352fe-d963-4366-a838-7aae817ce083&source=click", "details": {"method": "GET", "status_code": 0}}
{"timestamp": "2026-03-12T21:57:42.328611", "level": "INFO", "action": "http_request", "target": "http://trust.doordash.com/?itemName=incident_response&source=click", "details": {"method": "GET", "status_code": 0}}
{"timestamp": "2026-03-12T21:57:42.375015", "level": "INFO", "action": "http_request", "target": "http://trust.doordash.com/?itemName=incident_response&source=click", "details": {"method": "GET", "status_code": 0}}
{"timestamp": "2026-03-12T21:57:42.434022", "level": "INFO", "action": "http_request", "target": "http://trust.doordash.com/?itemName=incident_response&source=click", "details": {"method": "GET", "status_code": 0}}
{"timestamp": "2026-03-12T21:57:42.503481", "level": "INFO", "action": "http_request", "target": "https://trust.doordash.com/?itemUid=e5cdb67b-323e-48d7-8174-f224016ba690&source=click", "details": {"method": "GET", "status_code": 0}}
{"timestamp": "2026-03-12T21:57:42.615576", "level": "INFO", "action": "http_request", "target": "https://trust.doordash.com/?itemUid=e5cdb67b-323e-48d7-8174-f224016ba690&source=click", "details": {"method": "GET", "status_code": 0}}
{"timestamp": "2026-03-12T21:57:42.759324", "level": "INFO", "action": "http_request", "target": "https://trust.doordash.com/?itemUid=e5cdb67b-323e-48d7-8174-f224016ba690&source=click", "details": {"method": "GET", "status_code": 0}}
{"timestamp": "2026-03-12T21:57:42.890870", "level": "INFO", "action": "scan_end", "target": "doordash.com", "details": {"scan_type": "vuln_scan", "findings": 8}}
